,added_voter_address,added_voter_chain,added_voter_level,added_proposer_address,added_proposer_level,received_transaction_delay,received_voter_delay,received_proposer_delay,new_proposer_leader_address,new_proposer_leader_level
0,8d500349,162,1,cb758580,1,51,11,6,cb758580,1
1,5ef5acb7,204,1,e45b1a79,2,53,11,3,e45b1a79,2
2,57062edf,64,1,7683b8db,3,8,14,0,7683b8db,3
3,86d629aa,15,1,0d818f55,4,9,3,13,0d818f55,4
4,7917cefe,143,1,08374021,5,42,12,19,08374021,5
5,7fdaff85,278,1,69837bf0,6,45,11,6,69837bf0,6
6,5ad582a1,262,1,ad5f8b6b,7,43,2,30,ad5f8b6b,7
7,451090af,292,1,ae7cc3f9,8,15,89,24,ae7cc3f9,8
8,b4e5bc7b,228,1,7a8e180d,9,5,80,16,7a8e180d,9
9,105ffc77,128,1,dd4101e6,10,74,83,50,dd4101e6,10
10,0de6f2bb,72,1,17c31aee,11,51,87,84,17c31aee,11
11,4bee6009,214,1,e83c5d86,12,25,20,,e83c5d86,12
12,78a3d234,225,1,,,65,26,,,
13,d76cfd58,237,1,,,13,5,,,
14,31260a55,46,1,,,57,1,,,
15,922c6562,59,1,,,40,38,,,
16,d59f8924,229,1,,,42,31,,,
17,14b03429,298,1,,,23,22,,,
18,784ce7b5,138,1,,,7,41,,,
19,8f546614,293,1,,,31,1,,,
20,786417ec,237,2,,,13,40,,,
21,3b4c0077,160,1,,,31,56,,,
22,a63547be,159,1,,,32,24,,,
23,a35025ef,64,2,,,46,24,,,
24,3e6dc716,115,1,,,57,29,,,
25,39583798,105,1,,,29,2,,,
26,8fad7707,236,1,,,44,23,,,
27,3d5bc28e,223,1,,,46,25,,,
28,15ef9257,168,1,,,21,34,,,
29,a39158c6,207,1,,,94,5,,,
30,a30cf226,139,1,,,13,5,,,
31,9ef1bf4a,247,1,,,37,88,,,
32,d640e77c,85,1,,,81,46,,,
33,08a4c2e6,91,1,,,53,71,,,
34,c694aeac,189,1,,,43,18,,,
35,315bca68,177,1,,,89,29,,,
36,463bd1ce,135,1,,,19,10,,,
37,a4953a6e,267,1,,,104,30,,,
38,ea2412e2,231,1,,,18,2,,,
39,2fb9a9c6,19,1,,,36,7,,,
40,9f24b672,199,1,,,43,111,,,
41,03b2e4b9,110,1,,,11,17,,,
42,18dfd07e,271,1,,,25,71,,,
43,43d9f61a,23,1,,,8,13,,,
44,2d151909,86,1,,,8,34,,,
45,d2b725bf,140,1,,,26,9,,,
46,1b5e97b7,176,1,,,34,12,,,
47,f54f97ea,23,2,,,29,6,,,
48,744748f4,297,1,,,53,24,,,
49,20583666,291,1,,,67,44,,,
50,c29967fb,248,1,,,69,20,,,
51,1a21ee6b,288,1,,,16,70,,,
52,4620bea0,33,1,,,36,43,,,
53,8278647b,220,1,,,29,75,,,
54,9e5f4f1d,42,1,,,44,69,,,
55,8f187dec,1,1,,,8,26,,,
56,ec101c0b,196,1,,,50,23,,,
57,24016b5a,283,1,,,14,8,,,
58,1021d35d,142,1,,,16,11,,,
59,1bb315c8,37,1,,,13,68,,,
60,ad6dcb2c,241,1,,,46,54,,,
61,101733b2,55,1,,,141,46,,,
62,1f118336,131,1,,,35,54,,,
63,c5925d6e,139,2,,,40,28,,,
64,a0ba2f51,226,1,,,37,23,,,
65,c8b41fe8,109,1,,,81,51,,,
66,36c48110,189,2,,,9,66,,,
67,2a78d390,5,1,,,20,64,,,
68,6891b825,230,1,,,13,28,,,
69,c7ee580f,220,2,,,9,12,,,
70,cf8c56e8,205,1,,,22,7,,,
71,f136b4a5,174,1,,,51,10,,,
72,9643cfe4,57,1,,,7,132,,,
73,fa220df6,71,1,,,2,46,,,
74,e5795254,25,1,,,27,37,,,
75,71c72c47,36,1,,,39,36,,,
76,ed901aad,222,1,,,13,26,,,
77,0c9bb76c,73,1,,,51,26,,,
78,87f43b80,277,1,,,14,19,,,
79,814c12fc,13,1,,,39,7,,,
80,106a7e58,265,1,,,43,53,,,
81,40035183,96,1,,,13,61,,,
82,457a6f1f,64,3,,,25,32,,,
83,4556768e,251,1,,,29,9,,,
84,231ea92f,152,1,,,25,4,,,
85,231dec29,62,1,,,47,2,,,
86,6c2cb967,240,1,,,4,66,,,
87,e08e1734,101,1,,,61,63,,,
88,6596c516,275,1,,,64,17,,,
89,ddb8e0d6,47,1,,,48,13,,,
90,27921925,90,1,,,39,35,,,
91,47252515,290,1,,,7,16,,,
92,82929604,101,2,,,13,29,,,
93,cd918cd4,37,2,,,28,18,,,
94,53013cb3,76,1,,,54,21,,,
95,595aedbc,177,2,,,10,3,,,
96,e66a3129,166,1,,,27,44,,,
97,48600b50,293,2,,,38,13,,,
98,b74428ce,115,2,,,46,18,,,
99,973ca4aa,267,2,,,11,31,,,
100,4965ad6a,123,1,,,25,22,,,
101,2e97ac3b,120,1,,,111,64,,,
102,5cfc38a2,91,2,,,100,99,,,
103,5755b53a,207,2,,,62,105,,,
104,b19854c6,71,2,,,15,46,,,
105,b6d15c85,146,1,,,5,97,,,
106,cd74f407,240,2,,,74,65,,,
107,3fbc1ba5,222,2,,,66,29,,,
108,33e7ca03,24,1,,,39,34,,,
109,08701d26,43,1,,,17,60,,,
110,3b8e5fa8,53,1,,,7,43,,,
111,50c7cfa0,17,1,,,17,53,,,
112,92211709,278,2,,,83,25,,,
113,c181470b,36,2,,,142,32,,,
114,77b28892,203,1,,,105,41,,,
115,43e148f2,291,2,,,16,1,,,
116,083c51fb,40,1,,,11,58,,,
117,5ba4746e,107,1,,,11,90,,,
118,ef2a8833,52,1,,,95,111,,,
119,45f0771c,109,2,,,4,88,,,
120,0dab102d,278,3,,,48,65,,,
121,768ec61d,82,1,,,47,60,,,
122,08c72683,16,1,,,4,43,,,
123,44761419,78,1,,,82,39,,,
124,e77b5d60,121,1,,,48,59,,,
125,cf3dbb17,268,1,,,122,9,,,
126,f47b68ca,227,1,,,23,36,,,
127,ac5973df,144,1,,,44,43,,,
128,bd7a40eb,96,2,,,136,15,,,
129,9db715ee,239,1,,,41,4,,,
130,c9454b98,125,1,,,39,127,,,
131,242a87e1,238,1,,,74,39,,,
132,7751e4eb,196,2,,,25,62,,,
133,a37626de,287,1,,,50,53,,,
134,6d486423,168,2,,,145,19,,,
135,c63bfc64,93,1,,,52,92,,,
136,1ae4b08e,191,1,,,54,6,,,
137,17484e03,96,3,,,17,31,,,
138,5edda434,81,1,,,68,86,,,
139,67072349,50,1,,,69,57,,,
140,49ddaf3f,176,2,,,15,8,,,
141,520ce564,41,1,,,12,28,,,
142,041924bf,176,2,,,132,2,,,
143,4bdb572a,35,1,,,159,1,,,
144,2b9c0092,227,2,,,82,12,,,
145,855b8e95,54,1,,,29,38,,,
146,66bdb696,143,2,,,175,15,,,
147,8652f050,229,2,,,158,56,,,
148,49653e61,298,2,,,186,69,,,
149,705200ea,263,1,,,209,97,,,
150,21d2a6f5,126,1,,,188,5,,,
151,e98d6b03,36,3,,,56,60,,,
152,dddda3fc,85,2,,,43,22,,,
153,8cbf8f93,176,3,,,27,10,,,
154,f6640575,234,1,,,10,21,,,
155,048790cf,276,1,,,17,5,,,
156,05a45474,121,2,,,20,3,,,
157,919ee132,139,3,,,44,33,,,
158,a5306cfe,211,1,,,60,19,,,
159,6ad7dcc3,288,2,,,13,13,,,
160,5758e840,201,1,,,25,29,,,
161,30045421,6,1,,,77,42,,,
162,636512eb,124,1,,,45,41,,,
163,ddea4f26,71,3,,,99,23,,,
164,ef89e59f,20,1,,,97,35,,,
165,13adcc80,149,1,,,132,9,,,
166,1f14b109,162,2,,,62,27,,,
167,c310a2e7,160,2,,,118,75,,,
168,2c447536,79,1,,,38,4,,,
169,dd2a299b,76,2,,,84,68,,,
170,7c7a8dc3,204,2,,,120,92,,,
171,30c3e551,94,1,,,81,30,,,
172,3d831144,209,1,,,262,6,,,
173,a175c4be,167,1,,,76,3,,,
174,1d83cb82,231,2,,,88,3,,,
175,6e443126,299,1,,,111,29,,,
176,4bbad05f,216,1,,,46,13,,,
177,68829898,109,3,,,19,21,,,
178,f6d6f5a5,102,1,,,64,9,,,
179,0afea99d,210,1,,,19,9,,,
180,60ab82c1,126,2,,,10,6,,,
181,0685bef8,165,1,,,84,45,,,
182,01a25b87,8,1,,,36,66,,,
183,c83d9fdc,177,3,,,35,62,,,
184,83a02ca4,137,1,,,51,75,,,
185,60523e1f,92,1,,,70,126,,,
186,a10330af,148,1,,,17,46,,,
187,0a25ee52,107,2,,,70,29,,,
188,b7aff67d,22,1,,,41,11,,,
189,f4c0bc8e,159,2,,,29,5,,,
190,08e36aaa,119,1,,,12,48,,,
191,74f83fc6,119,2,,,4,17,,,
192,819eac13,140,2,,,57,55,,,
193,4be3f208,161,1,,,64,41,,,
194,edda9c03,48,1,,,45,2,,,
195,6da01563,32,1,,,20,19,,,
196,7289e103,284,1,,,40,33,,,
197,d52036c7,204,3,,,13,7,,,
198,94279205,114,1,,,78,18,,,
199,935bf39c,157,1,,,172,20,,,
200,d68ef2f5,242,1,,,21,18,,,
201,4e24a496,7,1,,,5,18,,,
202,a34b5205,122,1,,,67,88,,,
203,bffd5e0e,287,2,,,37,67,,,
204,f9d83d4a,95,1,,,10,47,,,
205,fc02bb94,205,2,,,78,22,,,
206,f20cc651,54,2,,,47,46,,,
207,d222576f,156,1,,,17,1,,,
208,aa9ade64,41,2,,,20,32,,,
209,b696cf32,79,2,,,61,16,,,
210,397e0b77,16,2,,,30,4,,,
211,99ab27d3,104,1,,,21,49,,,
212,52577647,272,1,,,23,1,,,
213,b95eccb7,184,1,,,86,2,,,
214,1e3934f5,194,1,,,31,102,,,
215,5ecf29cd,146,2,,,51,108,,,
216,321764c7,4,1,,,23,121,,,
217,7ab14d29,62,2,,,26,137,,,
218,f4da9489,194,2,,,60,105,,,
219,ffb8121e,119,3,,,52,86,,,
220,e053dc58,277,2,,,93,147,,,
221,04bade40,29,1,,,71,63,,,
222,780feef1,222,3,,,110,17,,,
223,33ea41a3,280,1,,,41,13,,,
224,5d5534cd,254,1,,,119,30,,,
225,4fa104cb,32,2,,,69,28,,,
226,778ebea5,106,1,,,87,40,,,
227,ec750e02,191,2,,,32,43,,,
228,522488f2,83,1,,,36,73,,,
229,5ae3c35a,295,1,,,56,60,,,
230,c83c1322,283,2,,,14,68,,,
231,bff7517a,67,1,,,75,25,,,
232,822d4b7d,258,1,,,89,39,,,
233,8eb623f4,117,1,,,52,95,,,
234,125bc333,188,1,,,87,41,,,
235,f93c7557,36,4,,,13,77,,,
236,e1e68115,14,1,,,15,101,,,
237,52cc0538,125,2,,,125,6,,,
238,f02155f8,93,2,,,39,53,,,
239,d0c66974,109,4,,,15,188,,,
240,3af7e6de,119,4,,,6,181,,,
241,1558b778,185,1,,,68,118,,,
242,b61e8c37,164,1,,,132,47,,,
243,71f62c56,67,2,,,10,131,,,
244,7e9ef0fd,242,2,,,22,76,,,
245,6416bbb1,154,1,,,11,24,,,
246,69a35339,70,1,,,44,166,,,
247,f0c5e47c,241,2,,,112,141,,,
248,8d9a9673,72,2,,,186,99,,,
249,cf104ecb,92,2,,,77,79,,,
250,b43b2a0e,215,1,,,57,48,,,
251,97fdd699,266,1,,,85,91,,,
252,a43b9aba,279,1,,,34,56,,,
253,63f08372,227,3,,,73,46,,,
254,a93d8ba3,120,2,,,61,39,,,
255,c084dd07,120,3,,,64,139,,,
256,2f9da8ff,4,2,,,248,10,,,
257,927b6c3c,49,1,,,22,18,,,
258,356c152c,73,2,,,20,43,,,
259,d3f8a4b7,224,1,,,46,43,,,
260,dea958e8,125,3,,,41,125,,,
261,a66da160,257,1,,,77,11,,,
262,32da68a4,169,1,,,100,4,,,
263,2a083f6c,229,3,,,76,14,,,
264,91d7b82b,92,3,,,58,33,,,
265,0d54e3e4,197,1,,,66,14,,,
266,ce520d1a,239,2,,,119,28,,,
267,5fa9edaf,80,1,,,63,38,,,
268,e7e5a2b5,138,2,,,36,57,,,
269,2128cd63,288,3,,,41,24,,,
270,0bd3048a,83,2,,,59,126,,,
271,bda2bd0d,42,2,,,112,62,,,
272,c557b13a,23,3,,,22,19,,,
273,a8011803,132,1,,,30,11,,,
274,820e34ae,135,2,,,55,55,,,
275,ce7bc0a8,265,2,,,36,33,,,
276,99a69281,126,3,,,32,10,,,
277,121ef3db,216,2,,,49,13,,,
278,6658856b,24,2,,,43,22,,,
279,f39da8e9,266,2,,,32,68,,,
280,130b3497,256,1,,,69,55,,,
281,30340764,1,2,,,50,67,,,
282,99ab79f0,197,2,,,163,31,,,
283,70be3f90,161,2,,,30,96,,,
284,200006a2,27,1,,,11,13,,,
285,1d12458e,67,3,,,72,9,,,
286,091e653a,111,1,,,94,32,,,
287,d15373e1,38,1,,,17,12,,,
288,111b1385,142,2,,,128,35,,,
289,ddf1c560,89,1,,,138,44,,,
290,dfa8b67d,278,4,,,79,12,,,
291,cf68402c,5,2,,,57,187,,,
292,526a7698,9,1,,,42,76,,,
293,171a51b7,288,4,,,40,180,,,
294,6775d47d,226,2,,,26,99,,,
295,9723fa76,79,3,,,42,29,,,
296,ff939b37,128,2,,,84,3,,,
297,a1424cc4,273,1,,,34,23,,,
298,ac04456d,150,1,,,78,47,,,
299,f18fa1dc,177,4,,,15,26,,,
300,498372cc,157,2,,,14,11,,,
301,8143d054,85,3,,,132,36,,,
302,786743ce,79,4,,,102,22,,,
303,50661d21,74,1,,,24,33,,,
304,566d7081,166,2,,,33,43,,,
305,90b737ac,93,3,,,63,20,,,
306,a440a823,296,1,,,69,70,,,
307,f077290c,165,2,,,38,43,,,
308,a75535ee,247,2,,,81,71,,,
309,e6423279,46,2,,,7,73,,,
310,0a8f5549,38,2,,,19,6,,,
311,d6020fda,67,4,,,63,3,,,
312,e4e7ba95,70,2,,,13,23,,,
313,7281e90c,261,1,,,53,39,,,
314,8125cfb4,69,1,,,60,17,,,
315,4ffb4e22,187,1,,,59,12,,,
316,e1020ccd,30,1,,,56,13,,,
317,6d995b9b,36,5,,,30,78,,,
318,7799ec3e,67,5,,,23,80,,,
319,9ba54de7,156,2,,,39,2,,,
320,19897fc3,176,4,,,4,46,,,
321,15f16a7d,294,1,,,58,21,,,
322,dc76134c,125,4,,,24,37,,,
323,30e085f5,86,2,,,106,17,,,
324,4f49aaf4,81,2,,,48,40,,,
325,1a04b203,156,3,,,46,11,,,
326,6f7d71c2,251,2,,,29,46,,,
327,4e9ef8b0,229,4,,,29,25,,,
328,e785fe2d,18,1,,,37,64,,,
329,467dc871,38,3,,,32,44,,,
330,8070de39,186,1,,,24,2,,,
331,32249f60,69,2,,,27,11,,,
332,152de4fc,205,3,,,6,74,,,
333,dfa1fb2c,153,1,,,83,38,,,
334,b81a9dfc,1,3,,,16,37,,,
335,c3886215,102,2,,,24,26,,,
336,8828156e,7,2,,,89,33,,,
337,5bde0abc,145,1,,,52,39,,,
338,c374c298,17,2,,,32,56,,,
339,44ebfb0a,111,2,,,24,29,,,
340,092d512f,228,2,,,93,50,,,
341,1014735d,222,4,,,32,22,,,
342,47c22129,74,2,,,65,39,,,
343,770711d4,161,3,,,43,7,,,
344,fcfd0693,44,1,,,54,34,,,
345,1a4a2563,8,2,,,29,10,,,
346,dea2d012,187,2,,,87,26,,,
347,b25a3536,243,1,,,39,87,,,
348,8718f79c,261,2,,,17,81,,,
349,f18ef7e3,84,1,,,42,51,,,
350,111f8d73,276,2,,,112,42,,,
351,119bc761,98,1,,,97,71,,,
352,a562d4a3,296,2,,,73,25,,,
353,2a50d553,52,2,,,98,9,,,
354,cd40faca,139,4,,,106,38,,,
355,985c9db7,32,3,,,145,10,,,
356,00d2d54e,155,1,,,101,11,,,
357,a57e17da,175,1,,,71,1,,,
358,e8b1d794,45,1,,,41,18,,,
359,060b6879,266,3,,,67,29,,,
360,6d57d01c,173,1,,,57,34,,,
361,3aba1d63,28,1,,,152,1,,,
362,006877dd,246,1,,,44,84,,,
363,482a9900,253,1,,,27,31,,,
364,f6d655cd,54,3,,,9,9,,,
365,d4004598,213,1,,,52,87,,,
366,a593d856,179,1,,,30,37,,,
367,82d71d23,200,1,,,54,28,,,
368,1217a3c8,61,1,,,44,21,,,
369,4101de68,185,2,,,24,23,,,
370,b090ada8,205,4,,,118,61,,,
371,59903f63,144,2,,,38,30,,,
372,b9350ee2,135,3,,,100,1,,,
373,f8390200,169,2,,,112,22,,,
374,0184d6d1,234,2,,,57,24,,,
375,1011dddf,48,2,,,62,125,,,
376,00ac10ea,31,1,,,52,17,,,
377,1065067e,107,3,,,101,6,,,
378,8c9c52f0,53,2,,,126,20,,,
379,7c42818a,35,2,,,40,15,,,
380,6cdac1db,264,1,,,13,52,,,
381,c3f62414,61,2,,,127,4,,,
382,d2b83791,206,1,,,97,28,,,
383,4531912d,258,2,,,14,79,,,
384,eeac57ff,8,3,,,35,4,,,
385,ad9023de,147,1,,,24,17,,,
386,a7b587a5,214,2,,,26,44,,,
387,48ee0c9a,95,2,,,95,51,,,
388,79068f5d,38,4,,,52,24,,,
389,7bc907e0,37,3,,,99,41,,,
390,4bc05e03,296,3,,,34,23,,,
391,822f3934,53,3,,,52,3,,,
392,5a2c1707,232,1,,,112,49,,,
393,85ac441f,188,2,,,76,42,,,
394,19ef574b,256,2,,,70,11,,,
395,88552364,241,3,,,49,15,,,
396,0a607500,69,3,,,154,59,,,
397,407f7bc3,8,4,,,27,27,,,
398,8cbfae84,249,1,,,20,31,,,
399,696d958a,267,3,,,82,69,,,
400,0fbcd0a5,106,2,,,59,12,,,
401,64593dff,88,1,,,80,97,,,
402,33946617,216,3,,,54,51,,,
403,0bbc3c3b,196,3,,,26,61,,,
404,71db7c5f,208,1,,,35,52,,,
405,b530d01b,272,2,,,93,9,,,
406,ddba8451,178,1,,,78,51,,,
407,f59b3cc1,74,3,,,100,13,,,
408,fd5f3098,29,2,,,84,25,,,
409,60bb8e88,277,3,,,78,18,,,
410,2e3d3f69,82,2,,,40,75,,,
411,18214053,192,1,,,51,60,,,
412,6e4649c8,193,1,,,13,20,,,
413,aebb9cfc,37,4,,,10,73,,,
414,43c75010,181,1,,,58,41,,,
415,b56553b1,34,1,,,105,6,,,
416,41f2f55f,92,4,,,190,14,,,
417,9b784701,274,1,,,27,20,,,
418,365fece3,232,2,,,18,98,,,
419,2fb34342,115,3,,,63,3,,,
420,ee6d1069,166,3,,,26,6,,,
421,5ff6f45f,184,2,,,20,54,,,
422,a774e88f,20,2,,,28,14,,,
423,58a41ab9,122,2,,,33,22,,,
424,3e160210,45,2,,,177,43,,,
425,ebf60c93,268,2,,,99,61,,,
426,eede29c9,182,1,,,25,103,,,
427,fc20fe43,164,2,,,60,39,,,
428,c38be9cb,228,3,,,19,7,,,
429,ba9f402c,125,5,,,11,2,,,
430,b194dbb8,217,1,,,19,12,,,
431,dbc13e0d,146,3,,,55,24,,,
432,bdeb320b,24,3,,,33,63,,,
433,7a467ed0,229,5,,,64,12,,,
434,c49999ee,51,1,,,8,13,,,
435,fd1e78b7,192,2,,,43,25,,,
436,96fce728,273,2,,,92,14,,,
437,e25aa81b,4,3,,,41,14,,,
438,d7399cf7,252,1,,,50,45,,,
439,eda27eb7,72,3,,,76,50,,,
440,96a75d66,31,2,,,63,55,,,
441,3efb53f3,108,1,,,69,5,,,
442,1ebb6f75,142,3,,,109,42,,,
443,3b846791,114,2,,,58,45,,,
444,297edddc,189,3,,,83,24,,,
445,ac97dccd,262,2,,,66,20,,,
446,5bc8e681,230,2,,,29,73,,,
447,0a15fa88,169,3,,,23,19,,,
448,3aa86e7d,98,2,,,76,67,,,
449,f0b5397f,212,1,,,55,9,,,
450,457b26d7,96,4,,,70,33,,,
451,81906763,244,1,,,93,33,,,
452,f2af3d12,163,1,,,99,78,,,
453,9653123d,14,2,,,20,51,,,
454,da3d5de0,269,1,,,26,21,,,
455,116112f3,236,2,,,13,6,,,
456,ed0dbc63,112,1,,,22,89,,,
457,af9c27af,96,5,,,152,27,,,
458,5cf6908d,114,3,,,4,22,,,
459,499ddd7a,11,1,,,199,64,,,
460,7ae63681,82,3,,,68,13,,,
461,19861510,241,4,,,73,1,,,
462,4379e984,33,2,,,53,49,,,
463,3b12ecb8,105,2,,,62,23,,,
464,fdf93553,288,5,,,6,29,,,
465,8fe594b7,260,1,,,47,4,,,
466,2d84e13b,284,2,,,27,23,,,
467,9ce7c832,231,3,,,30,33,,,
468,5bd987a8,225,2,,,112,23,,,
469,86bf58d6,199,2,,,106,15,,,
470,7241b83d,274,2,,,31,55,,,
471,6664fd6b,168,3,,,85,15,,,
472,80d48629,278,5,,,64,49,,,
473,8081240e,59,2,,,106,17,,,
474,e2cdbd48,169,4,,,85,77,,,
475,aa13abce,147,2,,,63,86,,,
476,0606a17f,176,5,,,50,46,,,
477,7384e993,108,2,,,29,38,,,
478,7775132e,127,1,,,33,1,,,
479,19534f93,164,3,,,107,4,,,
480,414e959d,78,2,,,121,92,,,
481,340acc5a,67,6,,,55,43,,,
482,bed71d99,246,2,,,61,37,,,
483,bbdd1795,30,2,,,83,4,,,
484,72d55c01,2,1,,,9,46,,,
485,b3ee970f,296,4,,,73,2,,,
486,4addd034,161,4,,,25,90,,,
487,60179782,119,5,,,53,10,,,
488,f1a1b578,105,3,,,235,27,,,
489,a7fdb620,157,3,,,48,4,,,
490,af523af5,130,1,,,21,14,,,
491,7331bcb8,261,3,,,51,35,,,
492,b4428304,257,2,,,29,16,,,
493,117f31bd,294,2,,,112,53,,,
494,0e72f5b7,116,1,,,509,59,,,
495,5225cb91,34,2,,,20,10,,,
496,4b0324b9,198,1,,,48,14,,,
497,fd6154e5,230,3,,,67,15,,,
498,a5e00579,130,2,,,24,105,,,
499,32955326,239,3,,,280,3,,,
500,4014efb3,184,3,,,261,5,,,
501,9359ea13,184,3,,,238,13,,,
502,c1d112ed,18,2,,,253,24,,,
503,8f9feea2,103,1,,,56,11,,,
504,8600859c,181,2,,,110,27,,,
505,2c806db6,191,3,,,32,23,,,
506,4ef595c3,152,2,,,49,9,,,
507,a0c697ad,198,2,,,54,28,,,
508,f7910f92,19,2,,,26,16,,,
509,ebbef2fa,63,1,,,51,27,,,
510,38a9e433,192,3,,,67,89,,,
511,dffb805c,77,1,,,51,86,,,
512,6595c42f,212,2,,,119,7,,,
513,99e10af3,120,4,,,69,9,,,
514,1529f5eb,68,1,,,61,20,,,
515,8fe8de99,226,3,,,10,63,,,
516,cb5a13a9,6,2,,,72,39,,,
517,d749e2d6,295,2,,,98,30,,,
518,5abda4e3,28,2,,,49,29,,,
519,12b58211,30,3,,,48,31,,,
520,c32947a7,76,3,,,43,12,,,
521,a52a0576,99,1,,,43,67,,,
522,d2d5d956,135,4,,,268,58,,,
523,7fa34532,99,1,,,258,44,,,
524,645f3205,114,4,,,100,64,,,
525,4246f99d,78,3,,,81,96,,,
526,cb0fbe8b,116,2,,,171,2,,,
527,e92f38e7,292,2,,,245,17,,,
528,665bdd5a,3,1,,,227,24,,,
529,ab51e111,198,3,,,21,82,,,
530,bce6e023,76,4,,,64,5,,,
531,8aa243fb,180,1,,,37,6,,,
532,4ed24fb9,58,1,,,52,57,,,
533,5ade1eaf,68,2,,,77,60,,,
534,ce7e4ca5,278,6,,,18,23,,,
535,9213ecc5,222,5,,,22,173,,,
536,35aaff11,282,1,,,9,52,,,
537,12a044c6,287,3,,,54,83,,,
538,e2db7af8,165,3,,,48,77,,,
539,048b311c,273,3,,,90,56,,,
540,77c878f2,75,1,,,92,57,,,
541,a5330e3e,275,2,,,66,211,,,
542,4ed61f2d,142,4,,,18,13,,,
543,4f599f27,240,3,,,69,11,,,
544,ba43e1a1,14,3,,,18,90,,,
545,32b7e33b,176,6,,,7,22,,,
546,2e2aa3a9,110,2,,,56,59,,,
547,1c7c7a5a,243,2,,,117,27,,,
548,91abc6af,72,4,,,16,16,,,
549,de057447,8,5,,,29,57,,,
550,e9b6f525,46,3,,,33,30,,,
551,a6579f37,208,2,,,13,67,,,
552,7d900cab,244,2,,,43,42,,,
553,252d6eaa,291,3,,,61,84,,,
554,84524edc,97,1,,,62,266,,,
555,4c954839,86,3,,,19,16,,,
556,b72a5eff,276,3,,,14,36,,,
557,81933422,95,3,,,14,23,,,
558,5eb2f9a8,21,1,,,41,1,,,
559,38787550,73,3,,,63,31,,,
560,aa768a92,263,2,,,73,6,,,
561,ad1363c4,241,5,,,10,77,,,
562,36e9718c,21,1,,,93,111,,,
563,ef40de22,215,2,,,86,17,,,
564,dd2e1198,297,2,,,80,5,,,
565,7711e2d3,92,5,,,89,42,,,
566,e35e56f1,242,3,,,54,31,,,
567,8b608207,252,2,,,81,8,,,
568,93319d0b,240,4,,,24,21,,,
569,ac5c0ede,15,2,,,13,3,,,
570,1b31f827,88,2,,,109,37,,,
571,8289eb9a,243,3,,,125,61,,,
572,4c7cc8df,76,5,,,37,31,,,
573,018a80c6,127,2,,,51,69,,,
574,1cf7bf37,224,2,,,53,28,,,
575,8de7c717,24,4,,,6,14,,,
576,1c9b0a88,253,2,,,54,86,,,
577,76e49544,181,3,,,53,117,,,
578,3487fa74,85,4,,,33,82,,,
579,c4b86400,153,2,,,14,3,,,
580,9029e152,79,5,,,32,62,,,
581,334ce27f,8,6,,,82,5,,,
582,6b79ed70,73,4,,,8,21,,,
583,8b892018,185,3,,,30,75,,,
584,b1ec499b,268,3,,,63,2,,,
585,0a146ed4,253,3,,,82,6,,,
586,5a6e2bc2,107,4,,,73,15,,,
587,99562b29,158,1,,,78,38,,,
588,894834df,124,2,,,10,20,,,
589,f321349e,175,2,,,36,16,,,
590,60cad0bf,248,2,,,69,13,,,
591,607eafae,159,3,,,14,1,,,
592,9d2f4faf,228,4,,,11,17,,,
593,c24ef158,121,3,,,31,76,,,
594,dce08b65,10,1,,,76,21,,,
595,b644599e,31,3,,,73,84,,,
596,d74314cc,61,3,,,97,111,,,
597,76ef951b,104,2,,,67,13,,,
598,1ace6f32,271,2,,,55,107,,,
599,e48157a9,38,5,,,54,33,,,
600,d1543048,73,5,,,42,137,,,
601,1091fc07,8,7,,,89,39,,,
602,ff24c660,61,4,,,179,14,,,
603,3566038c,261,4,,,20,21,,,
604,eccfc484,273,4,,,92,6,,,
605,0115c504,129,1,,,112,110,,,
606,1baac43c,97,2,,,35,47,,,
607,820640c2,235,1,,,106,35,,,
608,2bffbdf0,169,5,,,58,39,,,
609,c5b11dbd,234,3,,,57,54,,,
610,952b021c,101,3,,,27,5,,,
611,a166f3a4,229,6,,,145,23,,,
612,c28b46ca,287,4,,,75,44,,,
613,13b2fb7e,3,2,,,107,17,,,
614,90952d64,293,3,,,29,7,,,
615,5e7065da,167,2,,,35,69,,,
616,e6f41a4e,91,3,,,140,56,,,
617,9a5cc077,56,1,,,69,10,,,
618,8e694efd,110,3,,,81,26,,,
619,7f2d38b6,235,2,,,130,29,,,
620,92e19dd6,63,2,,,77,52,,,
621,8465782c,253,4,,,102,32,,,
622,ef9b06f0,17,3,,,226,37,,,
623,11f98b1f,104,3,,,7,51,,,
624,b9ad0e47,84,2,,,103,9,,,
625,f1d807cf,272,3,,,163,243,,,
626,ad2973d7,280,2,,,87,141,,,
627,58e3262f,280,2,,,274,17,,,
628,97a731fd,78,4,,,35,87,,,
629,4318dc51,138,3,,,8,33,,,
630,44f41a2f,148,2,,,105,130,,,
631,d188b559,46,4,,,131,69,,,
632,fa17d66c,193,2,,,437,40,,,
633,c0ebf46a,163,2,,,72,8,,,
634,c752d69f,208,3,,,77,13,,,
635,80c09ec5,202,1,,,17,40,,,
636,5535f814,5,3,,,47,44,,,
637,5d958ac6,47,2,,,65,34,,,
638,9ad44fc3,140,3,,,49,93,,,
639,f6d22b6f,112,2,,,21,34,,,
640,e08b374b,56,2,,,74,106,,,
641,99a1824c,81,3,,,54,96,,,
642,af642503,28,3,,,91,42,,,
643,0d05382b,160,3,,,57,49,,,
644,04e20469,14,4,,,50,46,,,
645,0db4c094,293,4,,,7,32,,,
646,598e9347,192,4,,,139,65,,,
647,4fb1fd86,175,3,,,127,2,,,
648,445df04b,0,1,,,125,18,,,
649,56cb8a90,269,2,,,75,80,,,
650,5844e104,77,2,,,30,23,,,
651,70b0340f,28,4,,,75,19,,,
652,323aa25c,113,1,,,101,6,,,
653,1cf9ba71,138,4,,,95,61,,,
654,8ae08f39,278,7,,,26,90,,,
655,665d401d,254,2,,,84,60,,,
656,4ed9f0a5,266,4,,,71,8,,,
657,e6fc5171,234,4,,,51,2,,,
658,8aca496c,161,5,,,80,129,,,
659,037a2be1,158,2,,,75,16,,,
660,e487a46f,152,3,,,85,78,,,
661,2cbef2c6,203,2,,,90,12,,,
662,d058d385,158,3,,,71,52,,,
663,c1b74434,209,2,,,25,103,,,
664,e6954fe0,209,2,,,130,60,,,
665,ec051de6,31,4,,,40,22,,,
666,0a241549,122,3,,,7,20,,,
667,a836db83,276,4,,,35,47,,,
668,55c8d199,242,4,,,54,78,,,
669,aebbe8c1,118,1,,,125,43,,,
670,bacc75c0,261,5,,,32,122,,,
671,f0c13ad3,12,1,,,30,74,,,
672,435ddccd,46,5,,,98,62,,,
673,e30a5a83,4,4,,,71,25,,,
674,c3551a0c,141,1,,,78,19,,,
675,3e5b0055,250,1,,,40,19,,,
676,f13b2787,252,3,,,32,12,,,
677,93af5d00,157,4,,,9,33,,,
678,f5144dc1,250,1,,,40,52,,,
679,b4d0576c,137,2,,,119,39,,,
680,8909dfbb,96,6,,,25,20,,,
681,d284bc36,63,3,,,106,55,,,
682,f064e7a3,104,4,,,88,74,,,
683,a368f257,116,3,,,115,80,,,
684,6a7574a5,70,3,,,80,81,,,
685,b2eb8b84,289,1,,,131,45,,,
686,c23ddb0b,84,3,,,119,150,,,
687,81f18faa,283,3,,,158,89,,,
688,4bd366cd,134,1,,,34,290,,,
689,67c1bc02,147,3,,,176,89,,,
690,1458e61f,240,5,,,82,10,,,
691,28110b0c,289,1,,,42,17,,,
692,e54494f2,151,1,,,130,81,,,
693,c6ab5eec,149,2,,,77,33,,,
694,1e151e05,214,3,,,182,195,,,
695,f1a2b61f,76,6,,,104,78,,,
696,e808a913,52,3,,,40,30,,,
697,148f5183,12,2,,,32,45,,,
698,d8bb8c48,17,4,,,96,37,,,
699,eee0bcd8,217,2,,,99,136,,,
700,0524c790,189,4,,,28,42,,,
701,d245ae4f,152,4,,,74,53,,,
702,4dc837e7,40,2,,,24,29,,,
703,f0ea0370,225,3,,,36,31,,,
704,57ac81f4,29,3,,,119,73,,,
705,5cd26131,6,3,,,24,32,,,
706,fd2149fa,71,4,,,60,31,,,
707,90d3bfef,4,5,,,78,4,,,
708,51b794bd,38,6,,,77,51,,,
709,8db85558,121,4,,,23,14,,,
710,76b651bd,194,3,,,50,92,,,
711,d79e9fca,135,5,,,42,11,,,
712,8f46cb95,298,3,,,22,69,,,
713,4ac071d4,129,2,,,47,32,,,
714,758d77dd,70,4,,,42,39,,,
715,a3f77f28,277,4,,,35,38,,,
716,786d046b,28,5,,,32,21,,,
717,dd532ca9,62,3,,,23,33,,,
718,551b46f0,153,3,,,9,13,,,
719,5bb2a154,189,5,,,85,43,,,
720,2ff6f332,131,2,,,10,33,,,
721,e1123fc2,51,2,,,35,5,,,
722,fe1ac47f,88,3,,,45,2,,,
723,0c6187ee,139,5,,,77,67,,,
724,efda564c,73,6,,,100,39,,,
725,482e57c7,136,1,,,137,167,,,
726,b430cb91,142,5,,,70,27,,,
727,e9acefd1,198,4,,,132,18,,,
728,f6b9dbf4,185,4,,,40,72,,,
729,a6d9ff1b,292,3,,,70,23,,,
730,e09191fd,182,2,,,21,22,,,
731,5b65ed3f,32,4,,,51,30,,,
732,cb038529,194,4,,,26,36,,,
733,db319817,32,4,,,93,21,,,
734,16dc2e23,256,3,,,68,11,,,
735,ebc5dedd,218,1,,,46,38,,,
736,dd07b21c,97,3,,,95,59,,,
737,fe7d0864,173,2,,,110,48,,,
738,63b0b921,102,3,,,7,19,,,
739,53cdd50a,227,4,,,57,43,,,
740,8f1dd2fd,198,5,,,10,12,,,
741,45c052ab,296,5,,,46,4,,,
742,bc19fff7,256,4,,,31,26,,,
743,8db1cbab,168,4,,,99,30,,,
744,b633fa0c,73,7,,,12,7,,,
745,02bc596c,121,5,,,55,48,,,
746,6581405f,248,3,,,80,56,,,
747,2089d0a0,57,2,,,123,1,,,
748,0c960a71,18,3,,,74,28,,,
749,22720fe8,261,6,,,132,37,,,
750,1f3456a4,161,6,,,248,111,,,
751,b5f555e8,181,4,,,81,3,,,
752,4a356c5a,251,3,,,141,85,,,
753,2f7748f1,166,4,,,133,38,,,
754,6d3b7475,122,4,,,107,30,,,
755,ee0ffdb5,70,5,,,80,12,,,
756,9d6028dc,181,5,,,174,39,,,
757,69aba5dd,94,2,,,148,51,,,
758,0f782ac9,118,2,,,17,21,,,
759,52b4b247,244,3,,,5,15,,,
760,4a374fc9,78,5,,,132,47,,,
761,72687820,181,6,,,78,18,,,
762,5538d236,191,4,,,93,0,,,
763,872e2ef0,125,6,,,42,70,,,
764,0853d94a,87,1,,,32,54,,,
765,acd198d6,143,3,,,32,16,,,
766,dbf5abe5,74,4,,,107,14,,,
767,8da9c418,89,2,,,30,61,,,
768,90c41241,126,4,,,89,39,,,
769,a172b86a,255,1,,,39,3,,,
770,117dda5d,42,3,,,15,28,,,
771,1146fefc,25,2,,,35,137,,,
772,cdd38e89,134,2,,,48,38,,,
773,a77357a3,176,7,,,30,47,,,
774,e385ff4a,231,4,,,64,51,,,
775,a72b99c2,163,3,,,71,64,,,
776,aa5987e8,253,5,,,31,22,,,
777,87a89c38,157,5,,,22,13,,,
778,7e0e5165,170,1,,,27,22,,,
779,0c0934b5,46,6,,,42,29,,,
780,6a16d76d,94,3,,,343,45,,,
781,8762bc07,204,4,,,250,52,,,
782,17a85c6b,116,4,,,266,93,,,
783,912d6457,224,3,,,211,28,,,
784,c9f52b6f,252,4,,,25,60,,,
785,fa912096,211,2,,,186,37,,,
786,25887b50,281,1,,,67,15,,,
787,093c137e,143,4,,,32,16,,,
788,727099c2,63,4,,,41,85,,,
789,22f1f772,11,2,,,119,48,,,
790,3d96e793,96,7,,,76,48,,,
791,082dcc98,165,4,,,19,49,,,
792,a8bca02b,228,5,,,21,10,,,
793,126e900d,146,4,,,96,32,,,
794,0b7b2b2a,31,5,,,60,29,,,
795,72516158,45,3,,,43,11,,,
796,e1e391e7,76,7,,,40,72,,,
797,21a0b34b,88,4,,,48,26,,,
798,4fb91a55,238,2,,,70,9,,,
799,6e9273e6,143,5,,,29,18,,,
800,d7c9bf3b,36,6,,,59,48,,,
801,621ad625,6,4,,,100,58,,,
802,004344ad,86,4,,,40,93,,,
803,ff315ada,151,2,,,5,66,,,
804,0b29de8a,203,3,,,49,34,,,
805,f6ce0d4f,192,5,,,22,30,,,
806,e74a1245,18,4,,,35,21,,,
807,721cb6de,279,2,,,127,71,,,
808,c168e0b3,192,5,,,7,2,,,
809,7146ef7e,183,1,,,26,3,,,
810,1fd778ec,129,3,,,26,16,,,
811,b19ec6d6,299,2,,,27,7,,,
812,fa3f91dd,30,4,,,61,22,,,
813,6fa5203f,232,3,,,36,47,,,
814,7842e177,268,4,,,96,39,,,
815,618cfb8a,267,4,,,21,20,,,
816,454bb2cf,184,4,,,29,68,,,
817,7e1b00ca,187,3,,,15,69,,,
818,d86a757a,139,6,,,31,31,,,
819,0a62018c,241,6,,,116,45,,,
820,bcbf1fc3,152,5,,,60,27,,,
821,13acf5d2,199,3,,,105,18,,,
822,ea1a42fe,15,3,,,50,25,,,
823,2de0a5b7,16,3,,,37,94,,,
824,cf0bcce1,238,3,,,64,42,,,
825,9ff9413b,124,3,,,39,80,,,
826,864d662d,118,3,,,136,50,,,
827,eb636313,40,3,,,78,25,,,
828,f722d876,107,5,,,41,17,,,
829,7bb3cd6b,140,4,,,61,9,,,
830,573d4d67,224,4,,,48,19,,,
831,b298acfe,155,2,,,115,95,,,
832,563573b9,206,2,,,37,44,,,
833,75d1708a,143,6,,,84,49,,,
834,8ff2a2c7,260,2,,,35,51,,,
835,49ee5455,178,2,,,38,23,,,
836,e575daf3,84,4,,,44,56,,,
837,6f408c40,13,2,,,63,69,,,
838,a79975e6,75,2,,,67,24,,,
839,7576700b,204,5,,,63,5,,,
840,8c8d3585,130,3,,,60,49,,,
841,cf06a4eb,100,1,,,65,11,,,
842,6f517e68,253,6,,,51,101,,,
843,1032dd7a,119,6,,,72,121,,,
844,7ec5891f,200,2,,,106,91,,,
845,37e65ee2,7,3,,,71,95,,,
846,8977ea4a,171,1,,,59,132,,,
847,18954a2b,156,4,,,76,12,,,
848,92be89bc,241,7,,,128,46,,,
849,4263fa5c,213,2,,,37,42,,,
850,ace8f694,181,7,,,10,42,,,
851,7358cb6a,195,1,,,88,18,,,
852,5836e1c2,47,3,,,18,91,,,
853,3b5fc38c,253,7,,,8,17,,,
854,99247b52,79,6,,,33,50,,,
855,cd34a259,58,2,,,18,38,,,
856,3d35f8e4,157,6,,,53,51,,,
857,8cb1b003,240,6,,,82,22,,,
858,a0d6ab4b,20,3,,,133,6,,,
859,41618861,210,2,,,23,32,,,
860,5fe48509,110,4,,,96,11,,,
861,ef95dbc5,138,5,,,31,31,,,
862,38bc8651,90,2,,,45,18,,,
863,f72d7add,114,5,,,16,45,,,
864,2746b009,6,5,,,97,8,,,
865,b8b9e297,172,1,,,64,138,,,
866,f8ea547e,279,3,,,95,27,,,
867,74ab05d6,199,4,,,121,68,,,
868,2ca058c2,179,2,,,120,28,,,
869,205ad48a,215,3,,,139,87,,,
870,61e6c554,129,4,,,55,48,,,
871,a06195a7,236,3,,,15,64,,,
872,0c5824b4,117,2,,,48,48,,,
873,a74cd1d9,234,5,,,48,63,,,
874,4d0aebef,52,4,,,40,46,,,
875,446f11f1,30,5,,,72,10,,,
876,21737768,265,3,,,118,76,,,
877,2be696b3,96,8,,,64,66,,,
878,4e237588,161,7,,,42,87,,,
879,f5080174,197,3,,,26,90,,,
880,6913f902,259,1,,,29,22,,,
881,26c59665,282,2,,,93,50,,,
882,1760fb00,193,3,,,88,35,,,
883,59739769,134,3,,,54,43,,,
884,a293196f,16,4,,,59,49,,,
885,30ad8d73,48,3,,,116,48,,,
886,fc611f18,141,2,,,86,40,,,
887,096a326b,4,6,,,77,40,,,
888,325bae62,223,2,,,53,35,,,
889,20dcd516,251,4,,,93,109,,,
890,f26e3ed4,5,4,,,27,75,,,
891,487bcc13,116,5,,,45,81,,,
892,cd1dfd9d,278,8,,,174,39,,,
893,964647eb,128,3,,,19,69,,,
894,d84def18,17,5,,,164,132,,,
895,b0789877,132,2,,,17,72,,,
896,ac14cbb4,285,1,,,30,23,,,
897,480d7432,63,5,,,78,5,,,
898,cad97e97,196,4,,,57,46,,,
899,32e69e18,297,3,,,28,55,,,
900,ed9c07af,224,5,,,27,36,,,
901,c64f8eef,20,4,,,37,3,,,
902,b79fac1e,167,3,,,46,10,,,
903,cd7cd2a4,109,5,,,39,28,,,
904,4ff1f170,41,3,,,8,28,,,
905,184f517b,252,5,,,74,52,,,
906,32388789,242,5,,,50,27,,,
907,a0b60388,41,4,,,129,8,,,
908,e3828782,287,5,,,29,17,,,
909,c2c38014,125,7,,,24,9,,,
910,5717d084,245,1,,,17,5,,,
911,21730716,163,4,,,19,12,,,
912,3d72d577,32,5,,,38,9,,,
913,5b9bfdaf,108,3,,,92,29,,,
914,83ad56d6,215,4,,,25,35,,,
915,290366bc,57,3,,,25,11,,,
916,b27831ef,72,5,,,79,38,,,
917,5af003f0,69,4,,,117,24,,,
918,b814001c,9,2,,,13,15,,,
919,92d9c2cd,86,5,,,25,35,,,
920,d015293a,155,3,,,21,13,,,
921,822b7f6c,217,3,,,75,76,,,
922,39e0b4e9,186,2,,,121,24,,,
923,48a6100d,186,2,,,88,52,,,
924,af9b6732,239,4,,,120,49,,,
925,cb0b5c5b,24,5,,,164,76,,,
926,6b4e1012,87,2,,,99,41,,,
927,f9fa39c1,158,4,,,136,56,,,
928,01abf132,291,4,,,36,4,,,
929,0fad51db,184,5,,,73,15,,,
930,b7e5edd7,208,4,,,54,11,,,
931,51af573e,199,5,,,80,108,,,
932,d9bda10d,130,4,,,53,142,,,
933,2343ffe6,139,7,,,106,21,,,
934,2eb0aa23,264,2,,,66,33,,,
935,ddfc231d,138,6,,,79,36,,,
936,04de301c,269,3,,,154,33,,,
937,f59cb5a1,290,2,,,37,24,,,
938,0655d224,25,3,,,138,118,,,
939,56455e2c,173,3,,,106,35,,,
940,502f0da9,142,6,,,99,31,,,
941,fe0a099c,277,5,,,68,18,,,
942,01ca35e4,45,4,,,50,19,,,
943,a239d286,211,3,,,34,35,,,
944,5f7f94c8,205,5,,,30,9,,,
945,5bfc4d7c,85,5,,,52,2,,,
946,262339db,44,2,,,45,1,,,
947,b4828b03,120,5,,,26,4,,,
948,9e8bd5e3,204,6,,,541,20,,,
949,62d356e7,104,5,,,17,37,,,
950,899275a0,61,5,,,30,30,,,
951,945b772c,105,4,,,117,14,,,
952,96b4ff1e,215,5,,,9,29,,,
953,8700c777,196,5,,,16,14,,,
954,5e2f4e6f,60,1,,,17,40,,,
955,979af80d,18,5,,,21,2,,,
956,e33039cb,108,4,,,113,3,,,
957,f844fe90,193,4,,,100,36,,,
958,fcc2d552,243,4,,,89,36,,,
959,8105bd2d,294,3,,,20,69,,,
960,e6856e66,211,4,,,35,50,,,
961,24833d56,19,3,,,262,18,,,
962,a8f4b567,256,5,,,13,46,,,
963,4a0becac,209,3,,,17,11,,,
964,4978c8d8,41,5,,,24,7,,,
965,7f7b4510,189,6,,,51,5,,,
966,690cfed5,218,2,,,49,6,,,
967,aa965923,84,5,,,99,13,,,
968,ba020355,174,2,,,109,16,,,
969,8a508797,104,6,,,71,35,,,
970,cf94a2de,215,6,,,5,1,,,
971,495cffc9,170,2,,,19,28,,,
972,18dd1843,296,6,,,10,2,,,
973,6157471b,188,3,,,84,19,,,
974,9dc3b5c2,163,5,,,97,21,,,
975,7f2ea4bb,88,5,,,39,40,,,
976,88d88a2d,234,6,,,54,41,,,
977,50b6f295,26,1,,,129,16,,,
978,d16bee6f,64,4,,,163,11,,,
979,e6903176,55,2,,,56,30,,,
980,648ad52b,180,2,,,56,30,,,
981,462969f1,118,4,,,17,72,,,
982,18ae30f0,45,5,,,88,10,,,
983,746c649d,94,4,,,83,17,,,
984,6a55876a,51,3,,,61,34,,,
985,9156c141,190,1,,,56,55,,,
986,b75acb11,22,2,,,76,41,,,
987,3a5ba3c3,236,4,,,27,8,,,
988,1bb67666,263,3,,,46,56,,,
989,32d0ee03,280,3,,,67,49,,,
990,194fe194,121,6,,,66,17,,,
991,a606890f,36,7,,,47,9,,,
992,f6855d5e,91,4,,,80,52,,,
993,d20012d2,195,2,,,25,6,,,
994,cfa84b67,280,3,,,129,78,,,
995,8841bd4e,7,4,,,35,102,,,
996,54f4472b,208,5,,,59,35,,,
997,a1dbe90c,97,4,,,86,35,,,
998,ed999318,197,4,,,56,7,,,
999,8fb93dff,284,3,,,13,38,,,
1000,bd41e2fb,200,3,,,30,43,,,
1001,dea47399,62,4,,,18,33,,,
1002,735ad94c,157,7,,,,15,,,
1003,981578fa,199,6,,,,12,,,
1004,b79f346d,230,4,,,,58,,,
1005,c10d31dd,186,3,,,,6,,,
1006,d2f0fc1a,263,4,,,,26,,,
1007,8df79f62,279,4,,,,46,,,
1008,41c05232,175,4,,,,14,,,
1009,f71527e2,171,2,,,,36,,,
1010,a012397f,52,5,,,,1,,,
1011,563cc1b2,231,5,,,,47,,,
1012,0b6fd7e2,35,3,,,,48,,,
1013,fdd83fe9,38,7,,,,11,,,
1014,dc09da01,26,2,,,,8,,,
1015,f7085ae1,110,5,,,,55,,,
1016,cf8c7e4e,27,2,,,,84,,,
1017,8ea22625,78,6,,,,41,,,
1018,0b66e9f6,267,5,,,,17,,,
1019,c625fc92,99,2,,,,43,,,
1020,0a25d871,246,3,,,,14,,,
1021,87895838,177,5,,,,45,,,
1022,533e563d,190,2,,,,32,,,
1023,3ac27063,68,3,,,,7,,,
1024,0c65a2fb,36,8,,,,2,,,
1025,8469959d,118,5,,,,15,,,
1026,d5a893fb,216,4,,,,45,,,
1027,f036b5d0,177,6,,,,8,,,
1028,c5da911b,112,3,,,,19,,,
1029,8924ee77,72,6,,,,6,,,
1030,8bfd8dff,140,5,,,,65,,,
1031,d3fe0239,290,3,,,,72,,,
1032,e277fe28,177,7,,,,18,,,
1033,51505e75,158,5,,,,55,,,
1034,9849850e,263,5,,,,1,,,
1035,b630b40c,213,3,,,,48,,,
1036,69f98429,298,4,,,,39,,,
1037,371aefdc,45,6,,,,80,,,
1038,e92145bc,289,2,,,,59,,,
1039,d44bc8bc,181,8,,,,75,,,
1040,db0f34c9,210,3,,,,37,,,
1041,a4394175,114,6,,,,22,,,
1042,148a9e3f,260,3,,,,37,,,
1043,a80347b8,273,5,,,,14,,,
1044,978ddd61,122,5,,,,11,,,
1045,bab088f9,50,2,,,,1,,,
1046,2792fdfc,89,3,,,,30,,,
1047,80599571,14,5,,,,12,,,
1048,865c1aad,162,3,,,,104,,,
1049,eabfe669,26,3,,,,55,,,
1050,2119c0b1,210,4,,,,25,,,
1051,30058515,90,3,,,,3,,,
1052,030429af,228,6,,,,35,,,
1053,894c1e81,90,3,,,,15,,,
1054,9ecb2244,141,3,,,,82,,,
1055,4bfd85df,124,4,,,,47,,,
1056,134c5906,203,4,,,,23,,,
1057,33c75583,252,6,,,,52,,,
1058,81cbcce2,143,7,,,,15,,,
1059,c7169b99,238,4,,,,1,,,
1060,101ec084,81,4,,,,29,,,
1061,34de62a0,209,4,,,,48,,,
1062,91c7446e,199,7,,,,4,,,
1063,b013b081,198,6,,,,14,,,
1064,4bde650b,144,3,,,,42,,,
1065,4613cbf2,95,4,,,,28,,,
1066,1cde0556,167,4,,,,4,,,
1067,eb5a82b3,164,4,,,,5,,,
1068,d3c7e7b9,58,3,,,,2,,,
1069,798cc6b1,30,6,,,,222,,,
1070,de2759e1,150,2,,,,236,,,
1071,8cab7f29,78,7,,,,215,,,
1072,89811fee,99,3,,,,12,,,
1073,3438dbf5,298,5,,,,19,,,
1074,068e7d66,295,3,,,,39,,,
1075,9e19a2a2,171,3,,,,88,,,
1076,ac451f9c,45,7,,,,71,,,
1077,4d5e8754,201,2,,,,26,,,
1078,174df549,78,8,,,,8,,,
1079,2c8c8d95,134,4,,,,7,,,
1080,c503c060,57,4,,,,500,,,
1081,2376e5c8,281,2,,,,429,,,
1082,987c11cc,185,5,,,,491,,,
1083,c69327fa,19,4,,,,430,,,
1084,058798ff,52,6,,,,9,,,
1085,a80cf10d,62,5,,,,8,,,
1086,beffb5e0,141,4,,,,37,,,
1087,be085522,19,4,,,,50,,,
1088,71ab0348,157,8,,,,79,,,
1089,171714c0,97,5,,,,38,,,
1090,700162be,191,5,,,,50,,,
1091,c4240353,248,4,,,,17,,,
1092,f9249f35,286,1,,,,14,,,
1093,9e0bf153,280,4,,,,251,,,
1094,52403206,219,1,,,,13,,,
1095,8ccbdd9e,195,3,,,,178,,,
1096,4d80c667,184,6,,,,22,,,
1097,b549d6d6,159,4,,,,260,,,
1098,32430be0,21,2,,,,5,,,
1099,6d1dd1de,287,6,,,,50,,,
1100,4d5ce20d,222,6,,,,37,,,
1101,2198c4b5,46,7,,,,24,,,
1102,6276e6e7,40,4,,,,47,,,
1103,8f248ed2,135,6,,,,72,,,
1104,20cdf6eb,208,6,,,,15,,,
1105,2b95a76b,188,4,,,,45,,,
1106,cc1dde84,1,4,,,,34,,,
1107,282863ae,175,5,,,,9,,,
1108,34e7b67f,176,8,,,,80,,,
1109,628e353f,16,5,,,,21,,,
1110,2663ea07,92,6,,,,47,,,
1111,d5f3c729,118,6,,,,135,,,
1112,e15bb140,293,5,,,,74,,,
1113,d950745e,295,4,,,,7,,,
1114,913d6d6b,264,3,,,,42,,,
1115,77dedbd0,289,3,,,,58,,,
1116,dd4f5926,239,5,,,,10,,,
1117,df17a273,52,7,,,,72,,,
1118,4dc43673,260,4,,,,44,,,
1119,64ce684f,208,7,,,,93,,,
1120,b3ff554f,40,5,,,,58,,,
1121,196371d3,236,5,,,,48,,,
1122,8d7f4eae,15,4,,,,39,,,
1123,c3bdd5b4,121,7,,,,48,,,
1124,549ed366,183,2,,,,13,,,
1125,fa24ffcc,29,4,,,,46,,,
1126,75372d02,19,5,,,,22,,,
1127,f512040b,244,4,,,,13,,,
1128,2b14c37f,176,9,,,,139,,,
1129,276c55cc,233,1,,,,126,,,
1130,5a1675f6,7,5,,,,67,,,
1131,e6ddf6b8,85,6,,,,38,,,
1132,ce26f141,234,7,,,,44,,,
1133,ed64f95c,81,5,,,,164,,,
1134,56f801c1,46,8,,,,112,,,
1135,a2f51f08,97,6,,,,9,,,
1136,3c498e86,147,4,,,,19,,,
1137,aa7e8e42,287,7,,,,136,,,
1138,85027bca,251,5,,,,159,,,
1139,1eb49214,45,8,,,,196,,,
1140,0645a05c,17,6,,,,236,,,
1141,cd2437b3,252,7,,,,192,,,
1142,e2a16092,251,5,,,,253,,,
1143,a027a142,111,3,,,,190,,,
1144,7193b384,121,8,,,,15,,,
1145,c5c91ced,98,3,,,,11,,,
1146,f731911f,48,4,,,,15,,,
1147,9b002b0e,239,6,,,,200,,,
1148,0ab6dbd2,243,5,,,,65,,,
1149,cc89316d,110,6,,,,73,,,
1150,8dffe70f,84,6,,,,58,,,
1151,43b565de,135,7,,,,66,,,
1152,0af2fb7e,71,5,,,,46,,,
1153,f1daa262,11,3,,,,14,,,
1154,3cef1240,181,9,,,,200,,,
1155,673e0d22,59,3,,,,207,,,
1156,8a1617e7,224,6,,,,9,,,
1157,e5b4d840,209,5,,,,12,,,
1158,c61b652e,127,3,,,,144,,,
1159,2d188c40,157,9,,,,87,,,
1160,12b7aff8,289,4,,,,36,,,
1161,55a81c86,183,3,,,,30,,,
1162,58c1b309,158,6,,,,38,,,
1163,544f2896,215,7,,,,77,,,
1164,f7353557,144,4,,,,66,,,
1165,bc74c483,104,7,,,,114,,,
1166,54870b6c,41,6,,,,110,,,
1167,ebd7868c,89,4,,,,17,,,
1168,2c84dd38,121,9,,,,50,,,
1169,51b9bd9e,179,3,,,,6,,,
1170,86a3f5af,32,6,,,,63,,,
1171,a1439aec,145,2,,,,35,,,
1172,f10e51c7,40,6,,,,12,,,
1173,fa5b8655,218,3,,,,33,,,
1174,d78ab32d,122,6,,,,18,,,
1175,9b90f8f2,7,6,,,,40,,,
1176,9c521ebe,267,6,,,,45,,,
1177,dd79dea3,252,8,,,,19,,,
1178,5de87020,125,8,,,,17,,,
1179,bb4ae008,149,3,,,,42,,,
1180,93a66d5b,236,6,,,,8,,,
1181,f08c30a1,182,3,,,,8,,,
1182,8113d11d,2,2,,,,40,,,
1183,fca0e4f7,248,5,,,,63,,,
1184,615770fe,287,8,,,,102,,,
1185,72d6025d,278,9,,,,85,,,
1186,1b8975b8,5,5,,,,24,,,
1187,3d56ea65,190,3,,,,32,,,
1188,e27af7e8,97,7,,,,45,,,
1189,39fa6cb0,33,3,,,,11,,,
1190,92e1540f,172,2,,,,14,,,
1191,d9f4deec,185,6,,,,21,,,
1192,7f021090,109,6,,,,17,,,
1193,663f13d8,177,8,,,,5,,,
1194,2d7cf2ae,151,3,,,,7,,,
1195,e2a3ed12,239,7,,,,63,,,
1196,2cd86f8f,260,5,,,,29,,,
1197,b17cb27c,153,4,,,,69,,,
1198,467bcbb8,145,3,,,,138,,,
1199,fe485d42,299,3,,,,21,,,
1200,aed1494d,242,6,,,,36,,,
1201,6cb94082,147,5,,,,44,,,
1202,d33a7da0,197,5,,,,24,,,
1203,156efff0,189,7,,,,12,,,
1204,74ca4fb9,202,2,,,,49,,,
1205,5c8b955c,137,3,,,,29,,,
1206,af85fe57,224,7,,,,37,,,
1207,48efb4e9,170,3,,,,11,,,
1208,11d0cc12,259,2,,,,34,,,
1209,18d36024,109,7,,,,59,,,
1210,2203af96,131,3,,,,55,,,
1211,63449050,269,4,,,,44,,,
1212,fbe49286,107,6,,,,42,,,
1213,5bd30c02,147,6,,,,12,,,
1214,fd5dac04,101,4,,,,11,,,
1215,ee57b839,78,9,,,,117,,,
1216,fcd48972,35,4,,,,38,,,
1217,336030e7,96,9,,,,10,,,
1218,0e99b5be,115,4,,,,23,,,
1219,726d60b4,101,5,,,,14,,,
1220,63778efe,19,6,,,,6,,,
1221,0ac0dfe1,282,3,,,,47,,,
1222,11125d1e,103,2,,,,26,,,
1223,bd2e0358,153,5,,,,16,,,
1224,f6c4ddfb,296,7,,,,6,,,
1225,4c5f8f67,112,4,,,,19,,,
1226,f2ec82ca,119,7,,,,20,,,
1227,7e77c252,15,5,,,,94,,,
1228,98777bd3,172,3,,,,56,,,
1229,d8b7ab95,150,3,,,,39,,,
1230,e979f984,193,5,,,,4,,,
1231,d7e57ff0,13,3,,,,80,,,
1232,4f1a220f,8,8,,,,21,,,
1233,7eb9a48e,223,3,,,,96,,,
1234,22d946d7,260,6,,,,93,,,
1235,6bb7013b,100,2,,,,89,,,
1236,eedb0e6d,98,4,,,,16,,,
1237,127d1a40,201,3,,,,25,,,
1238,f5811ead,290,4,,,,8,,,
1239,f2e07115,238,5,,,,20,,,
1240,8b7c8b40,105,5,,,,2,,,
1241,ae65e1cb,28,6,,,,29,,,
1242,43a72007,84,7,,,,42,,,
1243,22bbc601,254,3,,,,25,,,
1244,14a67d83,4,7,,,,45,,,
1245,8c1afa2f,68,4,,,,34,,,
1246,4dcba5c1,218,4,,,,105,,,
1247,f677360e,71,6,,,,7,,,
1248,56c6ddb8,45,9,,,,47,,,
1249,e99193b3,172,4,,,,62,,,
1250,5f132dff,52,8,,,,15,,,
1251,6e417f02,239,8,,,,69,,,
1252,ee98fcc3,152,6,,,,58,,,
1253,5f04f25e,95,5,,,,23,,,
1254,bbf82506,103,3,,,,10,,,
1255,815ea82f,232,4,,,,109,,,
1256,1ee74b00,5,6,,,,47,,,
1257,6c644c5f,92,7,,,,10,,,
1258,015dbe04,133,1,,,,245,,,
1259,bbc43c7a,231,6,,,,37,,,
1260,a7bbfcb0,281,3,,,,25,,,
1261,1310baad,222,7,,,,50,,,
1262,21ec6e35,66,1,,,,55,,,
1263,e2a01c44,141,5,,,,26,,,
1264,c8f86e83,104,8,,,,3,,,
1265,12f6d947,236,7,,,,27,,,
1266,729b8cdf,180,3,,,,31,,,
1267,c3974104,189,8,,,,65,,,
1268,f879b42d,166,5,,,,32,,,
1269,a954d196,79,7,,,,44,,,
1270,04891e52,147,7,,,,26,,,
1271,fab532b2,175,6,,,,1,,,
1272,8c55c06c,85,7,,,,53,,,
1273,750b8c9d,110,7,,,,20,,,
1274,848b1fe6,183,4,,,,28,,,
1275,9f331750,121,10,,,,28,,,
1276,7f930e54,205,6,,,,87,,,
1277,d74a6c1f,72,7,,,,110,,,
1278,41df84d8,81,6,,,,27,,,
1279,8edcb4d8,121,10,,,,39,,,
1280,8b463308,217,4,,,,8,,,
1281,c3bcca5b,192,6,,,,2,,,
1282,cbd4a2f8,17,7,,,,26,,,
1283,c27e6a20,197,6,,,,37,,,
1284,6762b266,155,4,,,,77,,,
1285,280fd047,104,9,,,,4,,,
1286,c1e58f8a,155,4,,,,22,,,
1287,d1456c2c,213,4,,,,36,,,
1288,80b1fe10,257,3,,,,28,,,
1289,63e08d40,5,7,,,,20,,,
1290,099155c1,134,5,,,,39,,,
1291,9e23bc43,196,6,,,,27,,,
1292,8103ec09,218,5,,,,2,,,
1293,a6fa843e,127,4,,,,73,,,
1294,26f684ea,179,4,,,,14,,,
1295,4e85dd0a,31,6,,,,52,,,
1296,8ebd8445,190,4,,,,36,,,
1297,fbedca5e,291,5,,,,39,,,
1298,5e68302e,59,4,,,,19,,,
1299,73bf6fe7,232,5,,,,11,,,
1300,990efe4d,214,4,,,,22,,,
1301,a59f1cee,227,5,,,,27,,,
1302,a0e87038,41,7,,,,56,,,
1303,72586b47,132,3,,,,72,,,
1304,936cd13d,210,5,,,,12,,,
1305,440a1efc,165,5,,,,43,,,
1306,a04dae29,242,7,,,,36,,,
1307,fc55b21b,260,7,,,,39,,,
1308,ca30ddc0,217,5,,,,5,,,
1309,69b7b326,35,5,,,,53,,,
1310,ac8b0cb7,152,7,,,,43,,,
1311,88ba5e74,229,7,,,,29,,,
1312,e965b420,189,9,,,,69,,,
1313,e2f45e4b,200,4,,,,10,,,
1314,e6c456c1,90,4,,,,31,,,
1315,0bffebb1,222,8,,,,5,,,
1316,96b854bb,144,5,,,,51,,,
1317,c054b7b0,49,2,,,,4,,,
1318,07b6c124,25,4,,,,11,,,
1319,b7817a9d,58,4,,,,63,,,
1320,632544ea,179,5,,,,77,,,
1321,05d64d1a,39,1,,,,44,,,
1322,af94d8de,43,2,,,,22,,,
1323,f229cec5,134,6,,,,15,,,
1324,a91d2464,213,5,,,,11,,,
1325,207f88d6,71,7,,,,104,,,
1326,bc43db9d,26,4,,,,24,,,
1327,e8bee1dc,293,6,,,,93,,,
1328,7fa74061,226,4,,,,58,,,
1329,25aead80,37,5,,,,61,,,
1330,8960e9b3,152,8,,,,68,,,
1331,e075b5f9,62,6,,,,73,,,
1332,cd52efc9,218,6,,,,58,,,
1333,8e25d383,152,8,,,,77,,,
1334,6a90a134,41,8,,,,35,,,
1335,e2df8e3f,56,3,,,,55,,,
1336,33461b61,214,5,,,,207,,,
1337,5b4b38be,203,5,,,,48,,,
1338,4cb0ba7b,28,7,,,,48,,,
1339,d4efb4c2,19,7,,,,44,,,
1340,ad6b4572,123,2,,,,105,,,
1341,ce0bdfc9,242,8,,,,56,,,
1342,52516879,158,7,,,,20,,,
1343,350a8567,36,9,,,,33,,,
1344,a2d6fff7,128,4,,,,29,,,
1345,6bf8774b,196,7,,,,29,,,
1346,7dc8cee9,30,7,,,,61,,,
1347,0b99772e,143,8,,,,27,,,
1348,b7778b9f,252,9,,,,56,,,
1349,d2b5e9df,256,6,,,,16,,,
1350,96ad50d6,91,5,,,,33,,,
1351,9d6ef0c2,259,3,,,,7,,,
1352,6ae98476,299,4,,,,18,,,
1353,9691caee,119,8,,,,21,,,
1354,363820d4,201,4,,,,202,,,
1355,3c4e9f5e,231,7,,,,70,,,
1356,d906556d,278,10,,,,54,,,
1357,ec0921e3,148,3,,,,198,,,
1358,3475d875,258,3,,,,79,,,
1359,22609683,120,6,,,,56,,,
1360,d4f3436d,2,3,,,,92,,,
1361,a20cc897,224,8,,,,29,,,
1362,928c666a,235,3,,,,87,,,
1363,3b99a727,220,3,,,,86,,,
1364,2ad0a468,109,8,,,,118,,,
1365,d1944d6a,139,8,,,,133,,,
1366,24216e42,3,3,,,,94,,,
1367,40c1ca3c,33,4,,,,173,,,
1368,6080b788,181,10,,,,95,,,
1369,af04abf6,39,2,,,,122,,,
1370,64ac1f72,267,7,,,,108,,,
1371,6d984f73,160,4,,,,71,,,
1372,6cb7bf86,47,4,,,,92,,,
1373,2a756f87,16,6,,,,57,,,
1374,1e64b4b4,5,8,,,,70,,,
1375,78e898f2,91,6,,,,69,,,
1376,d8341b61,146,5,,,,41,,,
1377,15448cbb,24,6,,,,63,,,
1378,e28a8d74,93,4,,,,60,,,
1379,9f6ff934,149,4,,,,57,,,
1380,d11e8baa,239,9,,,,57,,,
1381,e36fc29c,233,2,,,,49,,,
1382,f167ca10,93,5,,,,5,,,
1383,13046da3,92,8,,,,8,,,
1384,f2df6747,220,4,,,,14,,,
1385,9871ab9c,137,4,,,,26,,,
1386,d627abf0,245,2,,,,38,,,
1387,c868e744,49,3,,,,48,,,
1388,f43d0be3,216,5,,,,28,,,
1389,92e6bb48,137,4,,,,33,,,
1390,d37b5e4a,51,4,,,,80,,,
1391,5ff92361,290,5,,,,1,,,
1392,6de59e54,253,8,,,,64,,,
1393,379bf073,4,8,,,,39,,,
1394,e6fcc57e,199,8,,,,114,,,
1395,c6d24d3c,169,6,,,,175,,,
1396,9c8fc0cf,96,10,,,,133,,,
1397,54e31b55,46,9,,,,92,,,
1398,875754f6,63,6,,,,2,,,
1399,85e726c1,254,4,,,,67,,,
1400,aa14bcaf,4,9,,,,143,,,
1401,1ac92dec,241,8,,,,22,,,
1402,d4f92e40,281,4,,,,5,,,
1403,975c83a9,78,10,,,,21,,,
1404,4e071622,3,4,,,,44,,,
1405,969167fc,229,8,,,,15,,,
1406,53fc86c3,4,10,,,,24,,,
1407,202d979c,125,9,,,,133,,,
1408,75e69182,199,9,,,,137,,,
1409,58959b88,33,5,,,,65,,,
1410,53f36224,133,2,,,,47,,,
1411,b7c82db9,58,5,,,,95,,,
1412,822444ae,239,10,,,,51,,,
1413,0a5a35b3,16,7,,,,11,,,
1414,18013f0b,64,5,,,,68,,,
1415,c4c9f49e,123,3,,,,53,,,
1416,d8ebbedf,236,8,,,,193,,,
1417,027cf75b,88,6,,,,69,,,
1418,41719c63,200,5,,,,17,,,
1419,6413daef,20,5,,,,13,,,
1420,7eb49f46,171,4,,,,95,,,
1421,6c775eb1,258,4,,,,101,,,
1422,f5e91ec2,247,3,,,,11,,,
1423,3e6628c0,245,3,,,,20,,,
1424,5277c41d,242,9,,,,54,,,
1425,35cfb2f3,244,5,,,,56,,,
1426,69c966bf,148,4,,,,59,,,
1427,b360925e,211,5,,,,29,,,
1428,9c1fe4c5,94,5,,,,22,,,
1429,17daa09d,22,3,,,,194,,,
1430,0843d66c,77,3,,,,11,,,
1431,3e53d832,291,6,,,,40,,,
1432,5df3f06c,245,4,,,,10,,,
1433,8e63ba08,81,7,,,,60,,,
1434,6710caa9,42,4,,,,94,,,
1435,26edf0d4,205,7,,,,17,,,
1436,b93f6fec,293,7,,,,55,,,
1437,ce3aac07,92,9,,,,87,,,
1438,1ccfe956,255,2,,,,2,,,
1439,9906b46a,59,5,,,,36,,,
1440,806b4e4e,127,5,,,,16,,,
1441,a1c571f2,119,9,,,,66,,,
1442,24ce176c,253,9,,,,78,,,
1443,f4f462ff,256,7,,,,29,,,
1444,128d1b7f,8,9,,,,50,,,
1445,cd5ac1a4,9,3,,,,125,,,
1446,1ee16090,81,8,,,,51,,,
1447,d6f40a83,24,7,,,,30,,,
1448,4195226b,188,5,,,,18,,,
1449,a9e8773d,154,2,,,,90,,,
1450,30bebbc1,174,3,,,,75,,,
1451,69d4786e,119,10,,,,32,,,
1452,0578321f,20,6,,,,31,,,
1453,f8782a70,233,3,,,,70,,,
1454,0d4366f0,121,11,,,,9,,,
1455,5d46099f,232,6,,,,77,,,
1456,0cc53234,105,6,,,,42,,,
1457,9dafd7be,111,4,,,,41,,,
1458,0feb7e8c,45,10,,,,113,,,
1459,bcb60091,258,5,,,,37,,,
1460,53a19436,243,6,,,,30,,,
1461,c4219462,223,4,,,,59,,,
1462,571438b6,59,6,,,,83,,,
1463,f5e0dc51,6,6,,,,9,,,
1464,cf914581,34,3,,,,38,,,
1465,9fb7ed8c,37,6,,,,21,,,
1466,84bf1cb3,24,8,,,,35,,,
1467,2b289d9f,96,11,,,,30,,,
1468,6c3f338c,289,5,,,,14,,,
1469,1b54a8b9,186,4,,,,83,,,
1470,07491a24,33,6,,,,50,,,
1471,11481a66,235,4,,,,132,,,
1472,48144808,29,5,,,,25,,,
1473,4cf3dfe9,42,5,,,,5,,,
1474,2ed4d337,196,8,,,,45,,,
1475,f9ced1a8,281,5,,,,46,,,
1476,a8c228f7,116,6,,,,19,,,
1477,c3a70d7f,272,4,,,,15,,,
1478,7339e0b4,85,8,,,,13,,,
1479,f1a05066,271,3,,,,145,,,
1480,0078d83e,83,3,,,,66,,,
1481,6121c326,83,3,,,,28,,,
1482,52c76fe5,174,4,,,,149,,,
1483,37a192ef,56,4,,,,56,,,
1484,77af943e,131,4,,,,5,,,
1485,63c22625,294,4,,,,60,,,
1486,4ea4c47f,144,6,,,,8,,,
1487,cf3b2fd8,297,4,,,,11,,,
1488,713844da,283,4,,,,62,,,
1489,b28dc77f,4,11,,,,46,,,
1490,224e4921,218,7,,,,48,,,
1491,5e5c79f3,124,5,,,,11,,,
1492,8c2d4c9c,49,4,,,,36,,,
1493,82335009,38,8,,,,14,,,
1494,0da46276,271,4,,,,67,,,
1495,c18440ec,185,7,,,,26,,,
1496,2bf50158,149,5,,,,121,,,
1497,634906cd,286,2,,,,167,,,
1498,e6457524,229,9,,,,38,,,
1499,fb88482b,228,7,,,,36,,,
1500,8f371818,209,6,,,,13,,,
1501,ca3d6f91,2,4,,,,39,,,
1502,a996fbe4,101,6,,,,28,,,
1503,9f80a209,46,10,,,,8,,,
1504,e62e30f4,201,5,,,,28,,,
1505,dd11f727,80,2,,,,35,,,
1506,b10f2d0e,183,5,,,,21,,,
1507,a6c07c71,186,5,,,,73,,,
1508,523cc524,265,4,,,,43,,,
1509,814edd63,200,6,,,,39,,,
1510,4ec45ba9,202,3,,,,32,,,
1511,86022c2d,26,5,,,,53,,,
1512,054930c9,190,5,,,,45,,,
1513,e468ce00,153,6,,,,127,,,
1514,3efedaab,280,5,,,,51,,,
1515,44a6f147,200,7,,,,23,,,
1516,e91a8528,61,6,,,,36,,,
1517,84b35f8d,146,6,,,,33,,,
1518,628248b1,194,5,,,,95,,,
1519,ae126053,128,5,,,,39,,,
1520,b690cb5c,45,11,,,,30,,,
1521,2397da2e,107,7,,,,106,,,
1522,e9e7d953,268,5,,,,85,,,
1523,66eaa8c1,218,8,,,,117,,,
1524,e7d037e5,10,2,,,,89,,,
1525,66ddf542,123,4,,,,27,,,
1526,7e70bbb4,81,9,,,,76,,,
1527,206fcbb2,83,4,,,,53,,,
1528,a1b6fe94,29,6,,,,109,,,
1529,8da9bd1b,72,8,,,,69,,,
1530,3bfbba58,117,3,,,,138,,,
1531,1aa32892,15,6,,,,55,,,
1532,0884db26,111,5,,,,126,,,
1533,30126370,61,7,,,,31,,,
1534,6240d931,126,5,,,,96,,,
1535,0dfa2aa9,22,4,,,,43,,,
1536,b2494e90,121,12,,,,12,,,
1537,22af3d45,234,8,,,,30,,,
1538,90f9b9ac,21,3,,,,25,,,
1539,06595114,13,4,,,,100,,,
1540,3e801c53,176,10,,,,43,,,
1541,c039cf08,81,10,,,,90,,,
1542,6d43169a,255,3,,,,96,,,
1543,9073b1d0,173,4,,,,50,,,
1544,f97548cb,68,5,,,,105,,,
1545,0ebf9764,197,7,,,,7,,,
1546,be3af053,96,12,,,,13,,,
1547,18f0d875,30,8,,,,145,,,
1548,2c27e7b0,177,9,,,,140,,,
1549,82e7ba2a,135,8,,,,24,,,
1550,30fbf317,144,7,,,,31,,,
1551,c07b1f07,164,5,,,,11,,,
1552,ae0c76d4,101,7,,,,10,,,
1553,169f9d67,68,5,,,,49,,,
1554,d840b67c,73,8,,,,108,,,
1555,53daf689,142,7,,,,16,,,
1556,81bb122e,3,5,,,,43,,,
1557,10fc444d,234,9,,,,53,,,
1558,8e14eb9a,195,4,,,,108,,,
1559,7f0a6b38,5,9,,,,72,,,
1560,26aad867,76,8,,,,101,,,
1561,71358fcb,48,5,,,,151,,,
1562,5002a3ce,67,7,,,,19,,,
1563,8f14d15b,140,6,,,,21,,,
1564,b22f85a7,168,5,,,,2,,,
1565,a44d1699,102,4,,,,63,,,
1566,0b63f534,21,4,,,,27,,,
1567,26a0ef20,197,8,,,,41,,,
1568,c44738a9,74,5,,,,45,,,
1569,8c60ef34,153,7,,,,2,,,
1570,b39e25dd,190,6,,,,35,,,
1571,135e331f,44,3,,,,23,,,
1572,4cce9345,138,7,,,,16,,,
1573,a5d47a03,68,6,,,,30,,,
1574,2fe37d52,107,8,,,,4,,,
1575,fa6f4137,108,5,,,,28,,,
1576,2705cbe8,113,2,,,,7,,,
1577,6dc56317,288,6,,,,23,,,
1578,602062f7,296,8,,,,52,,,
1579,354738f2,195,5,,,,42,,,
1580,64d90332,7,7,,,,36,,,
1581,d622e428,237,3,,,,41,,,
1582,c4a2c1aa,63,7,,,,56,,,
1583,6a05ea72,135,9,,,,23,,,
1584,7f827fa7,212,3,,,,29,,,
1585,4f73a194,85,9,,,,24,,,
1586,26762b55,150,4,,,,83,,,
1587,2082e63a,295,5,,,,87,,,
1588,44bcb97b,180,4,,,,37,,,
1589,d08d54ed,134,7,,,,27,,,
1590,8c8ef2e5,162,4,,,,47,,,
1591,d54b98c3,48,6,,,,74,,,
1592,763359eb,244,6,,,,70,,,
1593,5f8f9c84,233,4,,,,65,,,
1594,6f59185b,12,3,,,,29,,,
1595,0d8f379d,54,4,,,,129,,,
1596,0e3ed23e,203,6,,,,80,,,
1597,316c2751,170,4,,,,67,,,
1598,2911e925,234,10,,,,11,,,
1599,eddeaf75,14,6,,,,90,,,
1600,fbf8b050,97,8,,,,111,,,
1601,ca7b757c,217,6,,,,16,,,
1602,37780281,254,5,,,,6,,,
1603,56f08ab7,216,6,,,,25,,,
1604,556a9bf7,152,9,,,,78,,,
1605,531960b7,172,5,,,,52,,,
1606,18fa04dd,10,3,,,,53,,,
1607,86f580c3,160,5,,,,52,,,
1608,cee98fd3,128,6,,,,18,,,
1609,91becc80,137,5,,,,53,,,
1610,657298bd,122,7,,,,21,,,
1611,ff14f9e1,202,4,,,,22,,,
1612,b3d767c6,47,5,,,,98,,,
1613,40d8bf69,238,6,,,,51,,,
1614,5996f3d8,177,10,,,,43,,,
1615,a31e9111,102,5,,,,47,,,
1616,1dc77e33,228,8,,,,92,,,
1617,c79f1c1a,227,6,,,,9,,,
1618,7fd658c4,161,8,,,,16,,,
1619,0440c0af,216,7,,,,47,,,
1620,9b7ea054,177,11,,,,18,,,
1621,d88d2bda,259,4,,,,10,,,
1622,e86b3a59,34,4,,,,38,,,
1623,b75fac02,39,3,,,,39,,,
1624,594fe807,208,8,,,,27,,,
1625,7a133fac,137,6,,,,18,,,
1626,65007843,88,7,,,,22,,,
1627,2a8ad064,49,5,,,,49,,,
1628,65aa7f3e,127,6,,,,18,,,
1629,975b129c,145,4,,,,22,,,
1630,c68e86fe,11,4,,,,81,,,
1631,80a50763,264,4,,,,23,,,
1632,21152fab,296,9,,,,42,,,
1633,54165ced,146,7,,,,60,,,
1634,790fc3a0,125,10,,,,54,,,
1635,c6554a3c,221,1,,,,43,,,
1636,eeb5804b,148,5,,,,32,,,
1637,02991e13,132,4,,,,61,,,
1638,62420ab3,232,7,,,,11,,,
1639,3209e316,287,9,,,,40,,,
1640,ba416bb4,145,5,,,,43,,,
1641,77c20d9a,67,8,,,,9,,,
1642,2e00c2af,24,9,,,,62,,,
1643,367ad25e,67,8,,,,105,,,
1644,9543b1c0,61,8,,,,36,,,
1645,193b96cb,272,5,,,,109,,,
1646,ea70fc2c,269,5,,,,58,,,
1647,c1dea722,147,8,,,,17,,,
1648,5496bb56,87,3,,,,1,,,
1649,88817694,105,7,,,,1,,,
1650,60b85aaa,19,8,,,,41,,,
1651,9e423499,58,6,,,,15,,,
1652,3283166d,298,6,,,,12,,,
1653,655303d3,76,9,,,,3,,,
1654,e6f97822,247,4,,,,60,,,
1655,89142010,25,5,,,,25,,,
1656,835f2418,29,7,,,,71,,,
1657,09599711,102,6,,,,29,,,
1658,fccae1eb,136,2,,,,3,,,
1659,20de7915,282,4,,,,32,,,
1660,8952c5b2,179,6,,,,61,,,
1661,f8c50f61,274,3,,,,52,,,
1662,9035f757,148,6,,,,42,,,
1663,e74f00d7,232,8,,,,58,,,
1664,0413ab7e,143,9,,,,45,,,
1665,5ffbd7fb,44,4,,,,73,,,
1666,4bebc528,37,7,,,,5,,,
1667,b3d72104,97,9,,,,76,,,
1668,067a5361,238,7,,,,9,,,
1669,980bc0ef,4,12,,,,65,,,
1670,41d1d09f,212,4,,,,39,,,
1671,4d521ac4,57,5,,,,28,,,
1672,69d5f570,173,5,,,,41,,,
1673,05f3215f,108,6,,,,111,,,
1674,3e4e4e76,71,8,,,,9,,,
1675,b1ed24a7,296,10,,,,16,,,
1676,cdcc055d,126,6,,,,22,,,
1677,48d8721d,270,1,,,,79,,,
1678,4f271503,32,7,,,,18,,,
1679,92889581,158,8,,,,22,,,
1680,d31a49fb,244,7,,,,60,,,
1681,427eb6b0,297,5,,,,30,,,
1682,6c01e1a3,4,13,,,,55,,,
1683,29312720,53,4,,,,136,,,
1684,4fd1ecb4,165,6,,,,78,,,
1685,b8f1f651,226,5,,,,249,,,
1686,c961e1c5,10,4,,,,125,,,
1687,5897c804,273,6,,,,16,,,
1688,329aaefc,73,9,,,,78,,,
1689,11923930,113,3,,,,36,,,
1690,ded8cc9c,89,5,,,,9,,,
1691,64642520,1,5,,,,147,,,
1692,1134ba17,256,8,,,,64,,,
1693,16d85e8e,259,5,,,,6,,,
1694,d75f0926,55,3,,,,162,,,
1695,1c8bf141,190,7,,,,33,,,
1696,38d7cce5,230,5,,,,157,,,
1697,cb82837c,109,9,,,,203,,,
1698,a0e27180,49,6,,,,104,,,
1699,19b7f821,138,8,,,,15,,,
1700,7cd54e12,67,9,,,,95,,,
1701,69c6fcc6,159,5,,,,3,,,
1702,9d12114e,107,9,,,,79,,,
1703,3e391556,159,5,,,,65,,,
1704,3d73785d,90,5,,,,42,,,
1705,7de6d70f,244,8,,,,39,,,
1706,bf9a51f5,154,3,,,,10,,,
1707,3c3c8619,170,5,,,,75,,,
1708,e4632b3d,258,6,,,,29,,,
1709,261bbde1,170,5,,,,75,,,
1710,9d8e79f8,185,8,,,,110,,,
1711,6d5467cb,116,7,,,,27,,,
1712,01ba84ac,157,10,,,,90,,,
1713,cab880f7,232,9,,,,87,,,
1714,090909d1,194,6,,,,40,,,
1715,f70c3542,67,10,,,,12,,,
1716,9f805e28,5,10,,,,14,,,
1717,ebac2299,46,11,,,,10,,,
1718,8db6bb6e,19,9,,,,4,,,
1719,86a2388e,279,5,,,,7,,,
1720,63b20bb3,68,7,,,,95,,,
1721,7b764929,250,2,,,,65,,,
1722,0f6e1427,240,7,,,,77,,,
1723,c2e24754,181,11,,,,57,,,
1724,b8d930b0,165,7,,,,13,,,
1725,527a95c9,110,8,,,,47,,,
1726,2e09f162,283,5,,,,46,,,
1727,f5de137b,92,10,,,,119,,,
1728,f15b0ab2,215,8,,,,107,,,
1729,756044e6,295,6,,,,102,,,
1730,7c8426ff,244,9,,,,43,,,
1731,1a767c26,51,5,,,,14,,,
1732,e8724b91,210,6,,,,26,,,
1733,c5fc404b,52,9,,,,3,,,
1734,6000555a,47,6,,,,23,,,
1735,44b5bb4a,23,4,,,,2,,,
1736,e41a442f,124,6,,,,9,,,
1737,92eb7624,213,6,,,,8,,,
1738,a514ba20,113,4,,,,1,,,
1739,7f30b8cb,168,6,,,,409,,,
1740,24876fd6,103,4,,,,5,,,
1741,92c6bbf5,162,5,,,,210,,,
1742,449c0cef,44,5,,,,268,,,
1743,8b625ad8,161,9,,,,89,,,
1744,4d5dcff4,213,7,,,,38,,,
1745,b06140b2,287,10,,,,67,,,
1746,cf9b03cd,122,8,,,,19,,,
1747,dbf0c74e,55,4,,,,64,,,
1748,7c513f64,41,9,,,,51,,,
1749,1d83c64f,184,7,,,,47,,,
1750,2589f124,45,12,,,,6,,,
1751,a61a26d7,84,8,,,,59,,,
1752,d8497c6f,44,6,,,,23,,,
1753,373a86a4,229,10,,,,212,,,
1754,0f13652a,15,7,,,,29,,,
1755,e7ea164d,186,6,,,,22,,,
1756,89e7c8a1,10,5,,,,25,,,
1757,cdbd7669,114,7,,,,27,,,
1758,31b28511,34,5,,,,20,,,
1759,e85244bd,242,10,,,,4,,,
1760,f7bb20e1,10,5,,,,39,,,
1761,24258606,203,7,,,,58,,,
1762,45f9e027,104,10,,,,31,,,
1763,493d8a0d,282,5,,,,19,,,
1764,4530c895,70,6,,,,108,,,
1765,1fe0acf2,55,5,,,,137,,,
1766,c1379756,195,6,,,,51,,,
1767,8423efdf,100,3,,,,18,,,
1768,8c53edb4,237,4,,,,112,,,
1769,f6a2a177,84,9,,,,48,,,
1770,41c413f3,92,11,,,,71,,,
1771,7b0c2199,270,2,,,,21,,,
1772,f539a01f,168,7,,,,48,,,
1773,1fc27aa7,52,10,,,,10,,,
1774,eb79830f,48,7,,,,16,,,
1775,edb5035d,94,6,,,,7,,,
1776,3955d74c,141,6,,,,52,,,
1777,05060ced,138,9,,,,13,,,
1778,44a659ff,124,7,,,,74,,,
1779,a5f38812,159,6,,,,83,,,
1780,a565fb6f,248,6,,,,51,,,
1781,6a7d3917,172,6,,,,93,,,
1782,04752140,157,11,,,,91,,,
1783,680de6f4,277,6,,,,68,,,
1784,1c9eafbf,40,7,,,,81,,,
1785,b54b718d,290,6,,,,25,,,
1786,57279a1b,256,9,,,,5,,,
1787,86d4acdc,277,7,,,,40,,,
1788,51271855,246,4,,,,24,,,
1789,3e27a2c2,259,6,,,,55,,,
1790,927a489c,93,6,,,,52,,,
1791,0e6a09ee,163,6,,,,30,,,
1792,1b0787e6,191,6,,,,68,,,
1793,1e26d8eb,232,10,,,,1,,,
1794,00068340,237,5,,,,21,,,
1795,f97e6535,18,6,,,,21,,,
1796,f275367f,128,7,,,,15,,,
1797,04c2bfc4,261,7,,,,45,,,
1798,dce9916e,111,6,,,,34,,,
1799,ba5a209d,242,11,,,,6,,,
1800,84e9799a,71,9,,,,57,,,
1801,6b48b2a7,256,10,,,,51,,,
1802,a86f2b4f,236,9,,,,45,,,
1803,d34930d7,68,8,,,,44,,,
1804,d8ba4216,27,3,,,,31,,,
1805,0307f801,190,8,,,,13,,,
1806,266229ad,230,6,,,,13,,,
1807,8f014c7a,107,10,,,,10,,,
1808,88245389,42,6,,,,44,,,
1809,6710c9e8,233,5,,,,9,,,
1810,59364fc4,229,11,,,,18,,,
1811,39ce375b,264,5,,,,51,,,
1812,2fc660ba,47,7,,,,10,,,
1813,6c269fb7,284,4,,,,5,,,
1814,506675f7,36,10,,,,2,,,
1815,81b2cf1d,14,7,,,,26,,,
1816,a02d47e7,92,12,,,,34,,,
1817,8d4e9de1,38,9,,,,27,,,
1818,00bbf455,50,3,,,,39,,,
1819,0dff0e76,131,5,,,,46,,,
1820,8e01d0f5,110,9,,,,59,,,
1821,ddf2c960,81,11,,,,15,,,
1822,62afbedf,216,8,,,,26,,,
1823,bd092617,276,5,,,,50,,,
1824,808bc827,148,7,,,,34,,,
1825,d3de09a3,116,8,,,,7,,,
1826,0d0e188c,49,7,,,,7,,,
1827,e06d558c,73,10,,,,108,,,
1828,543ec692,219,2,,,,67,,,
1829,7d89cb25,226,6,,,,21,,,
1830,607db812,183,6,,,,18,,,
1831,881643b9,246,5,,,,1,,,
1832,a8098505,254,6,,,,26,,,
1833,46be1fa1,290,7,,,,27,,,
1834,75446699,238,8,,,,63,,,
1835,616f8e22,51,6,,,,28,,,
1836,13b2be4d,130,5,,,,5,,,
1837,5fa718b0,53,5,,,,103,,,
1838,bec7120c,133,3,,,,99,,,
1839,6d7161e5,134,8,,,,8,,,
1840,c0df5e79,50,4,,,,132,,,
1841,55e9d2d3,52,11,,,,20,,,
1842,fc48cd2e,207,3,,,,2,,,
1843,8f6d5e4d,210,7,,,,90,,,
1844,081b99d0,249,2,,,,128,,,
1845,a307410a,227,7,,,,45,,,
1846,9cef9b01,194,7,,,,13,,,
1847,64320119,74,6,,,,16,,,
1848,2dbba37e,7,8,,,,11,,,
1849,907585fe,171,5,,,,122,,,
1850,f2aea3e7,116,9,,,,36,,,
1851,43cb4c5b,120,7,,,,61,,,
1852,aa54599c,293,8,,,,81,,,
1853,6c000c4a,79,8,,,,82,,,
1854,a69ec332,259,7,,,,30,,,
1855,5fb65f0c,265,5,,,,93,,,
1856,8effb746,95,6,,,,16,,,
1857,18c4d637,244,10,,,,30,,,
1858,f8b8c19d,286,3,,,,43,,,
1859,d9cdd9be,119,11,,,,42,,,
1860,fe8fd981,258,7,,,,4,,,
1861,69c76df8,225,4,,,,96,,,
1862,407ce561,210,8,,,,54,,,
1863,32c3a115,202,5,,,,21,,,
1864,c15cec02,35,6,,,,72,,,
1865,94b176d6,87,4,,,,145,,,
1866,8217006c,45,13,,,,64,,,
1867,9122795b,92,13,,,,9,,,
1868,3d202537,68,9,,,,39,,,
1869,b25fac2d,70,7,,,,116,,,
1870,1561a696,211,6,,,,59,,,
1871,f2304567,48,8,,,,57,,,
1872,3fa448b1,210,9,,,,26,,,
1873,ec566134,65,1,,,,32,,,
1874,c6b22d3c,13,5,,,,85,,,
1875,bf7e4ca1,146,8,,,,105,,,
1876,d95a8942,63,8,,,,46,,,
1877,022390fe,203,8,,,,1,,,
1878,4c2c642b,128,8,,,,52,,,
1879,6fe9b9a5,234,11,,,,37,,,
1880,11151b66,31,7,,,,86,,,
1881,9dd6a0d8,253,10,,,,34,,,
1882,ad1aafcb,264,6,,,,53,,,
1883,3fa1f82b,80,3,,,,40,,,
1884,9ac5ce5f,164,6,,,,58,,,
1885,51aacd6a,95,7,,,,94,,,
1886,743773b4,217,7,,,,39,,,
1887,b39848ef,252,10,,,,53,,,
1888,fa9cf38f,152,10,,,,8,,,
1889,ef512f1e,39,4,,,,47,,,
1890,6befaec4,125,11,,,,6,,,
1891,3396ca48,25,6,,,,35,,,
1892,e85b0e8e,43,3,,,,37,,,
1893,015a4b24,85,10,,,,40,,,
1894,35309c6c,101,8,,,,17,,,
1895,244183c4,125,12,,,,65,,,
1896,525c8cc8,161,10,,,,66,,,
1897,1bc128ba,279,6,,,,17,,,
1898,8dd556dc,13,6,,,,14,,,
1899,5f4a0ec1,10,6,,,,34,,,
1900,c98ba96a,299,5,,,,19,,,
1901,fa154280,121,13,,,,12,,,
1902,0dd14ba4,57,6,,,,46,,,
1903,8e09d45e,267,8,,,,37,,,
1904,3a918ef1,258,8,,,,67,,,
1905,9a3631ed,274,4,,,,24,,,
1906,fb27aa86,63,9,,,,37,,,
1907,5c9b054f,128,9,,,,10,,,
1908,bc9e4a66,191,7,,,,35,,,
1909,ece76757,256,11,,,,45,,,
1910,5c411f0e,27,4,,,,21,,,
1911,5e41b2e1,10,7,,,,59,,,
1912,72f9a11c,65,2,,,,62,,,
1913,38b2f1f3,44,7,,,,15,,,
1914,9c9ee367,256,12,,,,58,,,
1915,3c52441c,217,8,,,,16,,,
1916,a9910d4c,253,11,,,,32,,,
1917,74dc97dd,30,9,,,,133,,,
1918,2381c591,134,9,,,,61,,,
1919,ecec1909,34,6,,,,57,,,
1920,9f80b3fb,116,10,,,,46,,,
1921,acb15907,252,11,,,,44,,,
1922,089011d5,30,10,,,,11,,,
1923,1b7113a2,55,6,,,,129,,,
1924,e112d84b,196,9,,,,36,,,
1925,0c943be0,109,10,,,,43,,,
1926,db906218,69,5,,,,64,,,
1927,9eb48816,227,8,,,,11,,,
1928,3bfd6d86,7,9,,,,21,,,
1929,a4eba7de,279,7,,,,11,,,
1930,d45c6273,204,7,,,,35,,,
1931,d3d49dc7,192,7,,,,34,,,
1932,a65eebfa,211,7,,,,6,,,
1933,9a5dba59,18,7,,,,40,,,
1934,c734a856,179,7,,,,44,,,
1935,1a72a2ba,39,5,,,,75,,,
1936,21ccf7ee,259,8,,,,76,,,
1937,db9b22ba,287,11,,,,76,,,
1938,4e789f6f,168,8,,,,70,,,
1939,e7d0db7d,198,7,,,,98,,,
1940,5a132128,33,7,,,,23,,,
1941,94ec072e,211,8,,,,22,,,
1942,7a31af30,29,8,,,,56,,,
1943,7ad6d760,157,12,,,,7,,,
1944,270d2fb4,105,8,,,,103,,,
1945,665de204,121,14,,,,38,,,
1946,d3468fdc,193,6,,,,46,,,
1947,ee5362dc,85,11,,,,50,,,
1948,8746278e,207,4,,,,85,,,
1949,335429fb,120,8,,,,2,,,
1950,b364f0d4,205,8,,,,92,,,
1951,332829a9,166,6,,,,138,,,
1952,fadcc95b,256,13,,,,16,,,
1953,a94ec77d,94,7,,,,97,,,
1954,ce38f87c,185,9,,,,152,,,
1955,a21b3c0d,162,6,,,,83,,,
1956,4ff59857,116,11,,,,223,,,
1957,505e2ed5,58,7,,,,188,,,
1958,3e77a400,233,6,,,,59,,,
1959,14a15e68,29,9,,,,89,,,
1960,daa1dc04,33,8,,,,103,,,
1961,02fcc459,278,11,,,,104,,,
1962,17eed18e,239,11,,,,81,,,
1963,568a4cd9,294,5,,,,202,,,
1964,c78b2bdd,182,4,,,,53,,,
1965,97dfd1e0,253,12,,,,73,,,
1966,24cfe812,19,10,,,,27,,,
1967,c5306dac,213,8,,,,44,,,
1968,62a3099d,46,12,,,,42,,,
1969,59e3262c,189,10,,,,111,,,
1970,cae1869d,142,8,,,,32,,,
1971,c3a76c2f,28,8,,,,20,,,
1972,e7a18b80,293,9,,,,28,,,
1973,899bab31,86,6,,,,35,,,
1974,399ab092,119,12,,,,34,,,
1975,8be30931,178,3,,,,69,,,
1976,4ce9100f,144,8,,,,75,,,
1977,fecf05cb,240,8,,,,37,,,
1978,96f375f8,85,12,,,,66,,,
1979,7795ed40,85,12,,,,49,,,
1980,8b70d01a,199,10,,,,100,,,
1981,bbf1a2de,223,5,,,,54,,,
1982,e8153974,277,8,,,,76,,,
1983,2d89fd08,281,6,,,,40,,,
1984,3cfea1ea,171,6,,,,37,,,
1985,37f78c01,294,6,,,,91,,,
1986,c0de6f2a,243,7,,,,59,,,
1987,4e7e0e94,281,7,,,,91,,,
1988,703873d2,275,3,,,,154,,,
1989,bae4fbee,15,8,,,,9,,,
1990,ac141afe,295,7,,,,111,,,
1991,4bcc58c5,230,7,,,,52,,,
1992,38c27d97,112,5,,,,117,,,
1993,145ad102,171,7,,,,76,,,
1994,f8857971,46,13,,,,30,,,
1995,95174a62,87,5,,,,70,,,
1996,59ba6787,28,9,,,,69,,,
1997,6af3b851,62,7,,,,20,,,
1998,24eece7a,147,9,,,,96,,,
1999,617457f2,103,5,,,,102,,,
2000,6a8812bc,33,9,,,,41,,,
2001,880ca065,214,6,,,,69,,,
2002,42879d67,0,2,,,,139,,,
2003,7e9d3e05,26,6,,,,51,,,
2004,76f1eeb4,213,9,,,,8,,,
2005,b7f4cdb4,265,6,,,,38,,,
2006,a9d1dc81,74,7,,,,34,,,
2007,904eea39,142,9,,,,85,,,
2008,47a9d534,65,3,,,,35,,,
2009,48211548,205,9,,,,13,,,
2010,d0935cfd,38,10,,,,23,,,
2011,8d72328e,135,10,,,,66,,,
2012,2355e959,82,4,,,,7,,,
2013,f4b8992f,124,8,,,,19,,,
2014,226678d4,117,4,,,,46,,,
2015,600c231d,6,7,,,,72,,,
2016,96fabae0,69,6,,,,54,,,
2017,f718811b,112,6,,,,23,,,
2018,377b0ad2,115,5,,,,9,,,
2019,e7410b61,230,8,,,,20,,,
2020,fdae1e82,259,9,,,,21,,,
2021,9527e3e3,76,10,,,,31,,,
2022,ec4b8326,215,9,,,,98,,,
2023,d152c8a5,134,10,,,,39,,,
2024,8792ca3f,240,9,,,,18,,,
2025,37a7942c,193,7,,,,40,,,
2026,4100b58e,243,8,,,,70,,,
2027,69f16236,43,4,,,,5,,,
2028,038dd662,39,6,,,,40,,,
2029,2f0aa31e,103,6,,,,7,,,
2030,699d221d,242,12,,,,12,,,
2031,97b3ac88,233,7,,,,54,,,
2032,052c9fe9,250,3,,,,77,,,
2033,8dfa4798,285,2,,,,4,,,
2034,35219498,233,7,,,,20,,,
2035,591d8364,149,6,,,,55,,,
2036,faa8a923,164,7,,,,9,,,
2037,9d504d0b,244,11,,,,27,,,
2038,d4d0e394,137,7,,,,20,,,
2039,3742fd7e,55,7,,,,61,,,
2040,7c624109,82,5,,,,33,,,
2041,abe5efd2,79,9,,,,123,,,
2042,dc1295e0,269,6,,,,33,,,
2043,91d12f9e,283,6,,,,11,,,
2044,0a409026,211,9,,,,2,,,
2045,868d00ec,153,8,,,,10,,,
2046,abf17334,237,6,,,,29,,,
2047,c32dd80f,176,11,,,,24,,,
2048,d42734ff,132,5,,,,1,,,
2049,bcca60d9,142,10,,,,39,,,
2050,0414c532,227,9,,,,66,,,
2051,37dfc2b0,221,2,,,,52,,,
2052,e6d5e164,93,7,,,,48,,,
2053,d04521bf,252,12,,,,54,,,
2054,fe21d810,293,10,,,,24,,,
2055,47e8ca47,236,10,,,,28,,,
2056,61f06220,105,9,,,,23,,,
2057,65fb662e,59,7,,,,35,,,
2058,aa5f472f,268,6,,,,79,,,
2059,065bc871,98,5,,,,34,,,
2060,680d12c1,26,7,,,,97,,,
2061,07347033,72,9,,,,54,,,
2062,939fab51,82,6,,,,115,,,
2063,3884345c,65,4,,,,51,,,
2064,a7c735e7,244,12,,,,35,,,
2065,7bc83746,43,5,,,,36,,,
2066,ce68e837,140,7,,,,105,,,
2067,e9159e0e,111,7,,,,100,,,
2068,7afe53c9,158,9,,,,143,,,
2069,a304fd3c,241,9,,,,153,,,
2070,0427f8b6,67,11,,,,185,,,
2071,ff5b5002,131,6,,,,47,,,
2072,4834696e,163,7,,,,56,,,
2073,3e77b077,160,6,,,,132,,,
2074,cc79ad14,221,3,,,,15,,,
2075,69cbeb13,256,14,,,,9,,,
2076,d8334171,78,11,,,,137,,,
2077,4f7ddddb,104,11,,,,74,,,
2078,f9a2160b,160,7,,,,40,,,
2079,22412107,208,9,,,,73,,,
2080,6392eefe,115,6,,,,51,,,
2081,4adff703,40,8,,,,68,,,
2082,cf1f990b,276,6,,,,105,,,
2083,d235ae00,145,6,,,,31,,,
2084,0531f221,98,6,,,,38,,,
2085,89b2739b,280,6,,,,36,,,
2086,910a33c1,22,5,,,,44,,,
2087,4655ea1f,36,11,,,,68,,,
2088,08ae6456,67,12,,,,47,,,
2089,27c9d342,155,5,,,,29,,,
2090,39a0543a,55,8,,,,12,,,
2091,092b1f9e,75,3,,,,54,,,
2092,ab1262a9,46,14,,,,172,,,
2093,8db2bcda,39,7,,,,88,,,
2094,4137d662,55,9,,,,60,,,
2095,926c597a,203,9,,,,69,,,
2096,e6250f25,190,9,,,,66,,,
2097,5acc9a89,246,6,,,,53,,,
2098,61e34f06,75,4,,,,39,,,
2099,180151ea,115,7,,,,82,,,
2100,202a6483,52,12,,,,45,,,
2101,43df9a29,222,9,,,,47,,,
2102,7015bea3,200,8,,,,58,,,
2103,5872c1ca,223,6,,,,37,,,
2104,29756c67,168,9,,,,43,,,
2105,05b74322,291,7,,,,40,,,
2106,b20513ad,74,8,,,,83,,,
2107,01e4fcc5,142,11,,,,139,,,
2108,bb3b2cb3,196,10,,,,6,,,
2109,720e7d0c,113,5,,,,17,,,
2110,02ab94ae,267,9,,,,11,,,
2111,ccab4c1c,17,8,,,,41,,,
2112,b49fef1e,139,9,,,,41,,,
2113,5c9f9b56,203,10,,,,24,,,
2114,bc9c31fd,238,9,,,,43,,,
2115,371d5323,204,8,,,,36,,,
2116,ec32807c,269,7,,,,10,,,
2117,529c07d4,245,5,,,,85,,,
2118,f14931ab,220,5,,,,45,,,
2119,93dc8f84,205,10,,,,66,,,
2120,1bd3a12c,237,7,,,,13,,,
2121,b6d906c7,236,11,,,,25,,,
2122,e760a895,78,12,,,,3,,,
2123,68b2bbe1,262,3,,,,32,,,
2124,09fb6a01,178,4,,,,26,,,
2125,116aa45a,15,9,,,,22,,,
2126,eee252fc,285,3,,,,3,,,
2127,064aeef4,37,8,,,,9,,,
2128,db444a8f,144,9,,,,36,,,
2129,231d0151,118,7,,,,18,,,
2130,1b6bb4ea,163,8,,,,32,,,
2131,b4738058,69,7,,,,5,,,
2132,1c726adb,0,3,,,,125,,,
2133,6724a963,52,13,,,,68,,,
2134,e6363d1e,191,8,,,,153,,,
2135,96295981,126,7,,,,6,,,
2136,9b6891e4,25,7,,,,1,,,
2137,fc752b19,74,9,,,,256,,,
2138,ed143dd4,45,14,,,,20,,,
2139,5ab23180,97,10,,,,0,,,
2140,11bd0195,82,7,,,,1,,,
2141,ff63c89a,295,8,,,,24,,,
2142,f180c15c,73,11,,,,3,,,
2143,e24efd10,109,11,,,,1,,,
2144,1f472191,222,10,,,,4,,,
2145,57c73e3f,268,7,,,,18,,,
2146,59163a71,106,3,,,,43,,,
2147,825525bf,120,9,,,,32,,,
2148,fa1f6dae,175,7,,,,34,,,
2149,f0988fa6,7,10,,,,77,,,
2150,096fc38c,213,10,,,,28,,,
2151,f9ee5744,33,10,,,,25,,,
2152,3b79b417,212,5,,,,48,,,
2153,79ad4361,54,5,,,,29,,,
2154,75f9932e,59,8,,,,29,,,
2155,b61d1dab,156,5,,,,79,,,
2156,a4f40518,205,11,,,,19,,,
2157,5df49466,107,11,,,,54,,,
2158,b939d6b8,21,5,,,,104,,,
2159,63a0c7f8,73,12,,,,48,,,
2160,a0da633f,80,4,,,,41,,,
2161,0a464ec5,178,5,,,,31,,,
2162,4fccd612,79,10,,,,31,,,
2163,1f715592,211,10,,,,18,,,
2164,c52a2cc5,26,8,,,,27,,,
2165,9572b9b8,13,7,,,,11,,,
2166,07b83ee8,21,6,,,,36,,,
2167,0c5d06eb,248,7,,,,22,,,
2168,af429c16,67,13,,,,129,,,
2169,a5f17fbd,86,7,,,,49,,,
2170,563c399f,136,3,,,,52,,,
2171,7512bcb3,176,12,,,,206,,,
2172,97280b89,66,2,,,,85,,,
2173,bd3ffe90,253,13,,,,67,,,
2174,1fafdf8a,167,5,,,,63,,,
2175,668110a3,28,10,,,,95,,,
2176,6b9c38d5,98,7,,,,28,,,
2177,e4c34d01,190,10,,,,44,,,
2178,cf7d01a1,154,4,,,,8,,,
2179,0a1cbd8c,57,7,,,,101,,,
2180,36f025e0,57,7,,,,44,,,
2181,c96aa1a2,87,6,,,,52,,,
2182,923d193b,276,7,,,,66,,,
2183,9b52a25f,244,13,,,,68,,,
2184,4286c5eb,256,15,,,,41,,,
2185,461dffa4,213,11,,,,22,,,
2186,da4c7712,127,7,,,,48,,,
2187,49566e2b,260,8,,,,36,,,
2188,7cecf173,268,8,,,,51,,,
2189,34d632c7,204,9,,,,61,,,
2190,d351780b,120,10,,,,102,,,
2191,68649ec0,93,8,,,,8,,,
2192,98af61d4,133,4,,,,1,,,
2193,942dc22a,51,7,,,,23,,,
2194,2327a59f,196,11,,,,10,,,
2195,b24cfd68,229,12,,,,89,,,
2196,3dbb98fb,196,12,,,,39,,,
2197,bb8b8e8f,112,7,,,,17,,,
2198,9334f376,287,12,,,,85,,,
2199,6673fc88,21,7,,,,46,,,
2200,b801430c,133,4,,,,19,,,
2201,41c4e7df,84,10,,,,96,,,
2202,b690136a,175,8,,,,103,,,
2203,fa3dde88,97,11,,,,23,,,
2204,9d43a1c3,204,10,,,,8,,,
2205,629f7656,259,10,,,,3,,,
2206,cb954d36,35,7,,,,113,,,
2207,2f1210a0,197,9,,,,54,,,
2208,490b7d20,261,8,,,,14,,,
2209,b53541d0,33,11,,,,53,,,
2210,faa15217,136,4,,,,121,,,
2211,598cf41a,167,6,,,,,,,
2212,b91349e4,53,6,,,,,,,
2213,dcdef4c7,156,6,,,,,,,
2214,4c1af9a6,195,7,,,,,,,
2215,edde9aa6,191,9,,,,,,,
2216,93b915a8,293,11,,,,,,,
2217,b89a12b3,232,11,,,,,,,
2218,224d2b15,250,4,,,,,,,
2219,7490bcc9,130,6,,,,,,,
2220,a8558897,116,12,,,,,,,
2221,73fc4cb6,123,5,,,,,,,
2222,d95e8399,26,9,,,,,,,
2223,6bd55ae9,98,8,,,,,,,
2224,ef606750,277,9,,,,,,,
2225,ff998be5,210,10,,,,,,,
2226,76b65654,97,12,,,,,,,
2227,ca486bef,244,14,,,,,,,
2228,9dde2595,270,3,,,,,,,
2229,5fd80d61,286,4,,,,,,,
2230,7f15daea,223,7,,,,,,,
2231,1fccef00,221,4,,,,,,,
2232,eb02299e,223,8,,,,,,,
2233,8110a8a5,46,15,,,,,,,
2234,3ec1be86,287,13,,,,,,,
2235,7921d5df,76,11,,,,,,,
2236,27d3e8ff,104,12,,,,,,,
2237,96a8debb,124,9,,,,,,,
2238,54911a33,116,13,,,,,,,
2239,0c9bd449,250,5,,,,,,,
2240,936cc667,124,10,,,,,,,
2241,0f7e579c,45,15,,,,,,,
2242,8257f5c4,21,8,,,,,,,
2243,65ab6e2e,207,5,,,,,,,
2244,7f061ef9,206,3,,,,,,,
2245,631f1da9,38,11,,,,,,,
2246,b7346c27,224,9,,,,,,,
2247,85f40ddb,204,11,,,,,,,
2248,84b187bb,188,6,,,,,,,
2249,3b231901,2,5,,,,,,,
2250,230c4463,192,8,,,,,,,
2251,bbdd3b0a,187,4,,,,,,,
2252,e67226ff,232,12,,,,,,,
2253,a4d9994e,267,10,,,,,,,
2254,dbcbdbff,104,13,,,,,,,
2255,7601483f,288,7,,,,,,,
2256,e854c870,85,13,,,,,,,
2257,8d989c1e,199,11,,,,,,,
2258,0cae170d,66,3,,,,,,,
2259,cd576635,126,8,,,,,,,
2260,e59f8fc5,114,8,,,,,,,
2261,ece51936,255,4,,,,,,,
2262,426d5e4b,96,13,,,,,,,
2263,9f7d852e,291,8,,,,,,,
2264,f1a729a0,281,8,,,,,,,
2265,8a70efd2,55,10,,,,,,,
2266,e920769b,216,9,,,,,,,
2267,f6335618,89,6,,,,,,,
2268,b916bc20,53,7,,,,,,,
2269,f580eef4,57,8,,,,,,,
2270,093c32d8,133,5,,,,,,,
2271,a1b926cf,120,11,,,,,,,
2272,19e19089,278,12,,,,,,,
2273,6be7a82d,246,7,,,,,,,
2274,1dcb55b6,167,7,,,,,,,
2275,0b2b9dd5,98,9,,,,,,,
2276,1143fad6,267,11,,,,,,,
2277,0f6caaf0,17,9,,,,,,,
2278,49d4c1b8,161,11,,,,,,,
2279,ffc6ca53,240,10,,,,,,,
2280,20ae18dd,26,10,,,,,,,
2281,6f5ff9fa,15,10,,,,,,,
2282,91424f28,145,7,,,,,,,
2283,dd7ba040,125,13,,,,,,,
2284,7e107c15,78,13,,,,,,,
2285,39ef5888,1,6,,,,,,,
2286,733f3662,63,10,,,,,,,
2287,ede2ec25,114,9,,,,,,,
2288,299f88cf,116,14,,,,,,,
2289,2567a57c,193,8,,,,,,,
2290,c873cf7b,8,10,,,,,,,
2291,0632bad2,175,9,,,,,,,
2292,29b1eda0,289,6,,,,,,,
2293,daf12390,281,9,,,,,,,
2294,6fc0e5db,204,12,,,,,,,
2295,deaaa166,255,5,,,,,,,
2296,2151b14e,123,6,,,,,,,
2297,1aeed27a,3,6,,,,,,,
2298,08045c10,13,8,,,,,,,
2299,1388dca3,152,11,,,,,,,
2300,c8cd3c99,198,8,,,,,,,
2301,21ca6303,56,5,,,,,,,
2302,4a4d48da,299,6,,,,,,,
2303,7dff7463,8,11,,,,,,,
2304,f8b90ddc,45,16,,,,,,,
2305,eee39240,9,4,,,,,,,
2306,055458df,244,15,,,,,,,
2307,60f04d4a,143,10,,,,,,,
2308,aa8a19b2,39,8,,,,,,,
2309,6479834b,264,7,,,,,,,
2310,5bca25e4,277,10,,,,,,,
2311,bbc6180f,208,10,,,,,,,
2312,07fd8b16,215,10,,,,,,,
2313,d50cbf74,273,7,,,,,,,
2314,6b243bbb,244,16,,,,,,,
2315,65a7193f,108,7,,,,,,,
2316,dac44732,31,8,,,,,,,
2317,20a23e5a,215,11,,,,,,,
2318,b0904d75,78,14,,,,,,,
2319,0c919d1e,179,8,,,,,,,
2320,4ef27f26,263,6,,,,,,,
2321,bdedaf87,224,10,,,,,,,
2322,08480a48,13,9,,,,,,,
2323,f879fe42,167,8,,,,,,,
2324,842c2935,42,7,,,,,,,
2325,6882511c,109,12,,,,,,,
2326,0e4d305a,15,11,,,,,,,
2327,c025a4f8,189,11,,,,,,,
2328,d1b01917,104,14,,,,,,,
2329,9b1e9d45,298,7,,,,,,,
2330,3a3795b9,150,5,,,,,,,
2331,ce80d751,94,8,,,,,,,
2332,1fb99247,180,5,,,,,,,
2333,63b9733c,181,12,,,,,,,
2334,c479198b,60,2,,,,,,,
2335,c8e60a79,114,10,,,,,,,
2336,f81be2da,275,4,,,,,,,
2337,93c39256,299,7,,,,,,,
2338,60d226b7,212,6,,,,,,,
2339,b06455a0,5,11,,,,,,,
2340,4e3d3769,2,6,,,,,,,
2341,cbc483c0,73,13,,,,,,,
2342,09eabef8,165,8,,,,,,,
2343,f2099a12,7,11,,,,,,,
2344,aed7e7f6,115,8,,,,,,,
2345,ad64a829,86,8,,,,,,,
2346,31f83852,199,12,,,,,,,
2347,070d237d,106,4,,,,,,,
2348,34b56897,84,11,,,,,,,
2349,01693486,91,7,,,,,,,
2350,d39f6c83,152,12,,,,,,,
2351,d315dfed,10,8,,,,,,,
2352,c012d251,62,8,,,,,,,
2353,93e018ef,164,8,,,,,,,
2354,ecb1b847,68,10,,,,,,,
2355,88797ffb,40,9,,,,,,,
2356,17932b93,248,8,,,,,,,
2357,80d6ced9,186,7,,,,,,,
2358,1e857f0c,233,8,,,,,,,
2359,f69c1b75,290,8,,,,,,,
2360,2d6cc618,109,13,,,,,,,
2361,ab63f0be,219,3,,,,,,,
2362,4abf0322,155,6,,,,,,,
2363,69a27128,253,14,,,,,,,
2364,42b386c3,196,13,,,,,,,
2365,3e62d2ae,35,8,,,,,,,
2366,e48fb755,174,5,,,,,,,
2367,5840d074,237,8,,,,,,,
2368,336b5c90,69,8,,,,,,,
2369,554efd38,97,13,,,,,,,
2370,a94706bb,268,9,,,,,,,
2371,82c22c43,240,11,,,,,,,
2372,24ff4a1a,283,7,,,,,,,
2373,fb63fec8,169,7,,,,,,,
2374,2d034e4d,58,8,,,,,,,
2375,7416cf09,266,5,,,,,,,
2376,92b4f40c,49,8,,,,,,,
2377,6ce91732,295,9,,,,,,,
2378,4b17a74c,125,14,,,,,,,
2379,d18d2e26,179,9,,,,,,,
2380,2a59f653,288,8,,,,,,,
2381,14ffc263,124,11,,,,,,,
2382,97efad67,116,15,,,,,,,
2383,caeb1d58,201,6,,,,,,,
2384,c9694862,275,5,,,,,,,
2385,db47708e,259,11,,,,,,,
2386,0fdfb4ef,256,16,,,,,,,
2387,3f0d5c16,47,8,,,,,,,
2388,4e46465a,275,5,,,,,,,
2389,d35fe5bf,120,12,,,,,,,
2390,136617ab,272,6,,,,,,,
2391,4bcafc0c,141,7,,,,,,,
2392,e80ef3c1,106,5,,,,,,,
2393,f72e924a,203,11,,,,,,,
2394,f724d380,125,15,,,,,,,
2395,395198cf,200,9,,,,,,,
2396,5154f86f,140,8,,,,,,,
2397,711050ad,214,7,,,,,,,
2398,81fcf62d,290,9,,,,,,,
2399,78e73cd4,205,12,,,,,,,
2400,ea3b2297,244,17,,,,,,,
2401,6e17e628,209,7,,,,,,,
2402,3206cc0c,137,8,,,,,,,
2403,4b7f9c3a,131,7,,,,,,,
2404,49b1f39c,25,8,,,,,,,
2405,b039bf66,51,8,,,,,,,
2406,de4539ce,295,10,,,,,,,
2407,c7b5f248,5,12,,,,,,,
2408,2c189f78,29,10,,,,,,,
2409,ed253b94,105,10,,,,,,,
2410,b35f552e,131,8,,,,,,,
2411,209fb1c5,226,7,,,,,,,
2412,f7363289,82,8,,,,,,,
2413,6fb57770,217,9,,,,,,,
2414,4ff631e9,38,12,,,,,,,
2415,14064b12,147,10,,,,,,,
2416,38670273,288,9,,,,,,,
2417,4369fec4,117,5,,,,,,,
2418,98fb4397,56,6,,,,,,,
2419,24b6344e,247,5,,,,,,,
2420,dbf961f9,122,9,,,,,,,
2421,13f7d33f,4,14,,,,,,,
2422,d29bdbac,225,5,,,,,,,
2423,97adc0c5,206,4,,,,,,,
2424,4a8bbf37,268,10,,,,,,,
2425,1b2d0912,27,5,,,,,,,
2426,c0b6b058,285,4,,,,,,,
2427,001b1057,96,14,,,,,,,
2428,7e2c88e3,192,9,,,,,,,
2429,e2c702c7,136,5,,,,,,,
2430,0775150b,264,8,,,,,,,
2431,6b23fbda,203,12,,,,,,,
2432,ba3cd855,254,7,,,,,,,
2433,c2a1722f,228,9,,,,,,,
2434,6efe8612,155,7,,,,,,,
2435,b59a03e0,157,13,,,,,,,
2436,90791aef,36,12,,,,,,,
2437,e7377f95,298,8,,,,,,,
2438,4c9546f6,211,11,,,,,,,
2439,e2c18858,25,9,,,,,,,
2440,d81dc653,256,17,,,,,,,
2441,11a802e1,186,8,,,,,,,
2442,69ff1aac,181,13,,,,,,,
2443,2fd33a76,39,9,,,,,,,
2444,d9e9ddae,43,6,,,,,,,
2445,72daa441,298,9,,,,,,,
2446,8b57f0aa,195,8,,,,,,,
2447,dcdb4760,241,10,,,,,,,
2448,72045fbf,28,11,,,,,,,
2449,74e28b9a,247,6,,,,,,,
2450,85552ce6,187,5,,,,,,,
2451,044b042f,244,18,,,,,,,
2452,9aa5adae,19,11,,,,,,,
2453,dc5e8328,189,12,,,,,,,
2454,18a5de00,257,4,,,,,,,
2455,a2b58a83,120,13,,,,,,,
2456,44745d64,285,5,,,,,,,
2457,04885c2e,79,11,,,,,,,
2458,7f5b7fcd,218,9,,,,,,,
2459,3b6738e5,150,6,,,,,,,
2460,deba9866,123,7,,,,,,,
2461,0de36820,285,6,,,,,,,
2462,90de8bf2,279,8,,,,,,,
2463,324f387a,7,12,,,,,,,
2464,d9428744,157,14,,,,,,,
2465,a74c387e,295,11,,,,,,,
2466,94892d5c,53,8,,,,,,,
2467,b36408a4,289,7,,,,,,,
2468,1f572944,165,9,,,,,,,
2469,9dbbed20,149,7,,,,,,,
2470,0b25fa2c,33,12,,,,,,,
2471,51914490,189,13,,,,,,,
2472,6e0fd35c,165,10,,,,,,,
2473,ff8b4a86,19,12,,,,,,,
2474,879e702e,259,12,,,,,,,
2475,9822d183,64,6,,,,,,,
2476,f82bac41,134,11,,,,,,,
2477,c5b39401,30,11,,,,,,,
2478,e6c82a7b,164,9,,,,,,,
2479,f97ccc87,72,10,,,,,,,
2480,3dc01da5,242,13,,,,,,,
2481,be6eda70,201,7,,,,,,,
2482,37b50567,232,13,,,,,,,
2483,6d8b058d,26,11,,,,,,,
2484,59a30443,28,12,,,,,,,
2485,d0b2b01d,74,10,,,,,,,
2486,84b64eee,135,11,,,,,,,
2487,697be601,46,16,,,,,,,
2488,e1886d2f,240,12,,,,,,,
2489,4cdfcee2,95,8,,,,,,,
2490,603a27bd,10,9,,,,,,,
2491,23287503,12,4,,,,,,,
2492,58a4275f,216,10,,,,,,,
2493,4f38a056,99,4,,,,,,,
2494,9b3d0ddb,188,7,,,,,,,
2495,ebf26c75,62,9,,,,,,,
2496,64467a50,97,14,,,,,,,
2497,d28f519c,149,8,,,,,,,
2498,63d63818,53,9,,,,,,,
2499,fc565c1d,282,6,,,,,,,
2500,cbcb7751,110,10,,,,,,,
2501,d10993ff,164,10,,,,,,,
2502,08a3fc29,18,8,,,,,,,
2503,91c1a2e0,253,15,,,,,,,
2504,347a0122,163,9,,,,,,,
2505,965e4011,38,13,,,,,,,
2506,14dbf5b9,142,12,,,,,,,
2507,28474a60,177,12,,,,,,,
2508,808810b7,284,5,,,,,,,
2509,deef44bc,45,17,,,,,,,
2510,0cebb54e,127,8,,,,,,,
2511,651e9f88,285,7,,,,,,,
2512,f6cd9b42,143,11,,,,,,,
2513,15c089d4,213,12,,,,,,,
2514,916dec15,82,9,,,,,,,
2515,a1cfba6e,143,11,,,,,,,
2516,776c6c1f,160,8,,,,,,,
2517,13988043,20,7,,,,,,,
2518,fd6d7d18,9,5,,,,,,,
2519,8b212aa1,214,8,,,,,,,
2520,1778bfac,49,9,,,,,,,
2521,d7b2597f,64,7,,,,,,,
2522,db6f1fa9,118,8,,,,,,,
2523,303fe02a,175,10,,,,,,,
2524,6e6a2817,224,11,,,,,,,
2525,e913b4fb,156,7,,,,,,,
2526,b8ee8313,268,11,,,,,,,
2527,ba7811a6,211,12,,,,,,,
2528,defbfd33,88,8,,,,,,,
2529,b243c102,251,6,,,,,,,
2530,27b7026e,55,11,,,,,,,
2531,8e7537e3,80,5,,,,,,,
2532,2227f26b,268,12,,,,,,,
2533,de74e895,14,8,,,,,,,
2534,fad251e8,25,10,,,,,,,
2535,26ed2879,158,10,,,,,,,
2536,3895a578,269,8,,,,,,,
2537,8bb0fc98,77,4,,,,,,,
2538,1731ade2,55,12,,,,,,,
2539,4dff147d,170,6,,,,,,,
2540,b914c4bf,208,11,,,,,,,
2541,3685ac83,52,14,,,,,,,
2542,04846fb9,134,12,,,,,,,
2543,ec2849cf,52,14,,,,,,,
2544,bf560504,9,6,,,,,,,
2545,7822be2d,86,9,,,,,,,
2546,c3b009f2,219,4,,,,,,,
2547,05cae6e7,124,12,,,,,,,
2548,8861d4e5,274,5,,,,,,,
2549,1ac04a27,100,4,,,,,,,
2550,f6a159fa,175,11,,,,,,,
2551,61ecef7b,232,14,,,,,,,
2552,2d143faf,72,11,,,,,,,
2553,197f7d67,124,13,,,,,,,
2554,3ea612e1,66,4,,,,,,,
2555,fc5e3ab5,166,7,,,,,,,
2556,c1850a2c,201,8,,,,,,,
2557,ee746a30,17,10,,,,,,,
2558,47016d45,74,11,,,,,,,
2559,153d870b,136,6,,,,,,,
2560,fe280f32,199,13,,,,,,,
2561,f3e2cfca,283,8,,,,,,,
2562,6a0362c4,221,5,,,,,,,
2563,5407dd13,116,16,,,,,,,
2564,5f628ff2,159,7,,,,,,,
2565,6a67f0de,147,11,,,,,,,
2566,ac1027da,191,10,,,,,,,
2567,3d64f57d,26,12,,,,,,,
2568,0bb2a6f9,286,5,,,,,,,
2569,82796d10,273,8,,,,,,,
2570,4e8b8253,248,9,,,,,,,
2571,9365e15e,159,8,,,,,,,
2572,de53f8fd,42,8,,,,,,,
2573,381392e5,226,8,,,,,,,
2574,6b5c0588,193,9,,,,,,,
2575,5931ea61,90,6,,,,,,,
2576,71906560,205,13,,,,,,,
2577,9c831f95,2,7,,,,,,,
2578,1b12da35,274,6,,,,,,,
2579,3c55bf39,134,13,,,,,,,
2580,169abbe1,238,10,,,,,,,
2581,14dc8dc5,218,10,,,,,,,
2582,9985c133,172,7,,,,,,,
2583,dfef1775,130,7,,,,,,,
2584,7f9c0c29,38,14,,,,,,,
2585,f1585d24,137,9,,,,,,,
2586,2abd3a5c,261,9,,,,,,,
2587,147757f3,56,7,,,,,,,
2588,0b5f169c,33,13,,,,,,,
2589,8fd0115e,23,5,,,,,,,
2590,e854fdfa,39,10,,,,,,,
2591,738c8c3d,6,8,,,,,,,
2592,be0e2374,1,7,,,,,,,
2593,9a6adc00,33,14,,,,,,,
2594,4546a7cd,138,10,,,,,,,
2595,3c6346ca,59,9,,,,,,,
2596,1fb30d9d,62,10,,,,,,,
2597,5542d355,250,6,,,,,,,
2598,7671f73f,36,13,,,,,,,
2599,53b1aae0,109,14,,,,,,,
2600,05e43116,135,12,,,,,,,
2601,b3c0f4d9,298,10,,,,,,,
2602,dd8cc37e,99,5,,,,,,,
2603,1c8c434b,276,8,,,,,,,
2604,e91b8f26,223,9,,,,,,,
2605,6c63d753,260,9,,,,,,,
2606,1d935934,141,8,,,,,,,
2607,3e3697bb,296,11,,,,,,,
2608,776d5d86,19,13,,,,,,,
2609,2650efb0,161,12,,,,,,,
2610,76fcbd54,225,6,,,,,,,
2611,0807dc61,106,6,,,,,,,
2612,b2e3a197,48,9,,,,,,,
2613,6e61c70a,167,9,,,,,,,
2614,f79353a3,276,9,,,,,,,
2615,e907b55c,85,14,,,,,,,
2616,e2d981f3,136,7,,,,,,,
2617,3e0e9a7b,240,13,,,,,,,
2618,af9ff32e,35,9,,,,,,,
2619,9a37c5b6,267,12,,,,,,,
2620,226dc77b,188,8,,,,,,,
2621,e93dd9bf,148,8,,,,,,,
2622,214ef21a,155,8,,,,,,,
2623,f1da32ea,251,7,,,,,,,
2624,a7d09fe6,155,8,,,,,,,
2625,5bfe4073,0,4,,,,,,,
2626,f4b21d11,214,9,,,,,,,
2627,cdf0f073,256,18,,,,,,,
2628,aa074afd,170,7,,,,,,,
2629,5b940285,166,8,,,,,,,
2630,2cd10206,23,6,,,,,,,
2631,fe5a1e63,256,19,,,,,,,
2632,573462f0,61,9,,,,,,,
2633,15ea64ba,259,13,,,,,,,
2634,b4bb06f3,16,8,,,,,,,
2635,c8651bb2,251,8,,,,,,,
2636,4aaf3666,43,7,,,,,,,
2637,eb5209e7,160,9,,,,,,,
2638,0acea041,26,13,,,,,,,
2639,191f551a,247,7,,,,,,,
2640,8aca68d7,208,12,,,,,,,
2641,986b676d,230,9,,,,,,,
2642,89e7214e,115,9,,,,,,,
2643,f37a7b1f,228,10,,,,,,,
2644,3e6536fb,132,6,,,,,,,
2645,1677f599,150,7,,,,,,,
2646,6a6166d1,242,14,,,,,,,
2647,9ab4d879,46,17,,,,,,,
2648,41546e83,252,13,,,,,,,
2649,06e65148,93,9,,,,,,,
2650,aafebace,55,13,,,,,,,
2651,28f90b8b,72,12,,,,,,,
2652,a9d0492f,4,15,,,,,,,
2653,0ad893ef,264,9,,,,,,,
2654,18733433,200,10,,,,,,,
2655,ddbff683,68,11,,,,,,,
2656,767d427f,116,17,,,,,,,
2657,26275cb4,85,15,,,,,,,
2658,92f1b15a,255,6,,,,,,,
2659,42632351,242,15,,,,,,,
2660,5a9b2d7b,52,15,,,,,,,
2661,69a62e9d,162,7,,,,,,,
2662,b5dd8d5f,244,19,,,,,,,
2663,d2db8d66,239,12,,,,,,,
2664,1a25fb77,72,13,,,,,,,
2665,38a7fc47,112,8,,,,,,,
2666,53c6fd59,274,7,,,,,,,
2667,2b475b40,125,16,,,,,,,
2668,4064d054,233,9,,,,,,,
2669,a02391c4,201,9,,,,,,,
2670,7e3ec2e4,77,5,,,,,,,
2671,a257b488,293,12,,,,,,,
2672,bd0c25a6,39,11,,,,,,,
2673,7797dc14,37,9,,,,,,,
2674,31cb589b,208,13,,,,,,,
2675,4375599b,40,10,,,,,,,
2676,2087ae08,161,13,,,,,,,
2677,a34ae459,282,7,,,,,,,
2678,ce0f2984,221,6,,,,,,,
2679,6cb39d52,87,7,,,,,,,
2680,7a12a436,7,13,,,,,,,
2681,322d3fca,27,6,,,,,,,
2682,444ad775,298,11,,,,,,,
2683,057ca054,133,6,,,,,,,
2684,f7982b0a,123,8,,,,,,,
2685,c8e446e6,123,8,,,,,,,
2686,6bba9274,185,10,,,,,,,
2687,d3c0c87e,31,9,,,,,,,
2688,ee76900d,10,10,,,,,,,
2689,337ce8ed,38,15,,,,,,,
2690,9278a427,288,10,,,,,,,
2691,e3352c31,170,8,,,,,,,
2692,10c1c89b,252,14,,,,,,,
2693,77ab3e59,178,6,,,,,,,
2694,6d353baf,136,8,,,,,,,
2695,3c6f86e2,179,10,,,,,,,
2696,6bf89971,126,9,,,,,,,
2697,81da8f3c,89,7,,,,,,,
2698,2ab2cab6,279,9,,,,,,,
2699,23b471bb,140,9,,,,,,,
2700,e610ff35,70,8,,,,,,,
2701,042f19df,36,14,,,,,,,
2702,0e1fa58f,228,11,,,,,,,
2703,469bf7ba,215,12,,,,,,,
2704,757c243e,75,5,,,,,,,
2705,8a46f2dc,253,16,,,,,,,
2706,f59e6c8b,272,7,,,,,,,
2707,c3d0d65d,226,9,,,,,,,
2708,9a6def31,110,11,,,,,,,
2709,b7a74b73,140,10,,,,,,,
2710,3bca4466,115,10,,,,,,,
2711,21cbbd14,269,9,,,,,,,
2712,b2642fc4,117,6,,,,,,,
2713,b64001ba,187,6,,,,,,,
2714,ff5c42a7,148,9,,,,,,,
2715,88ce2c85,54,6,,,,,,,
2716,90760665,174,6,,,,,,,
2717,c07593c7,188,9,,,,,,,
2718,93cdccf0,141,9,,,,,,,
2719,ad1d2609,250,7,,,,,,,
2720,63ada6d7,148,10,,,,,,,
2721,3c71be39,298,12,,,,,,,
2722,ea4c2b56,179,11,,,,,,,
2723,82de6626,75,6,,,,,,,
2724,6c2c16ea,107,12,,,,,,,
2725,002dfdec,297,6,,,,,,,
2726,05132f68,165,11,,,,,,,
2727,9f56cea5,158,11,,,,,,,
2728,a346c5e9,190,11,,,,,,,
2729,77aaf43c,57,9,,,,,,,
2730,cb32bd06,251,9,,,,,,,
2731,3b94ef95,10,11,,,,,,,
2732,251fd0e8,197,10,,,,,,,
2733,18bed18a,99,6,,,,,,,
2734,13cb7511,66,5,,,,,,,
2735,a782bca7,200,11,,,,,,,
2736,313ef1aa,95,9,,,,,,,
2737,c9dcd41d,62,11,,,,,,,
2738,72fe2478,161,14,,,,,,,
2739,61c520fd,70,9,,,,,,,
2740,0a7dc29b,252,15,,,,,,,
2741,2f17580d,74,12,,,,,,,
2742,2fc08317,208,14,,,,,,,
2743,05865472,19,14,,,,,,,
2744,0dda863e,167,10,,,,,,,
2745,a9c6c51a,203,13,,,,,,,
2746,058afaba,99,7,,,,,,,
2747,2ca22eeb,112,9,,,,,,,
2748,42742a2a,79,12,,,,,,,
2749,beada4cd,126,10,,,,,,,
2750,12f90a92,247,8,,,,,,,
2751,57c68ee5,166,9,,,,,,,
2752,d6d74d7c,285,8,,,,,,,
2753,b1ab7a7e,167,11,,,,,,,
2754,00f2d1bb,24,10,,,,,,,
2755,6cf3619f,80,6,,,,,,,
2756,b69636a9,154,5,,,,,,,
2757,dbad5433,96,15,,,,,,,
2758,1e87ad8a,111,8,,,,,,,
2759,1831fb10,21,9,,,,,,,
2760,61c888e9,262,4,,,,,,,
2761,44c59778,161,15,,,,,,,
2762,9e51928d,158,12,,,,,,,
2763,bf750b44,125,17,,,,,,,
2764,21213794,253,17,,,,,,,
2765,7a334cbc,33,15,,,,,,,
2766,bbdc1ed5,150,8,,,,,,,
2767,fa51ff91,58,9,,,,,,,
2768,b79132e7,268,13,,,,,,,
2769,f2b5c152,151,4,,,,,,,
2770,ff6e6bb7,104,15,,,,,,,
2771,b7e8a4e0,145,8,,,,,,,
2772,f86f331a,259,14,,,,,,,
2773,a76ec594,205,14,,,,,,,
2774,2b4990d9,194,8,,,,,,,
2775,9442b60f,224,12,,,,,,,
2776,5b8c9d86,227,10,,,,,,,
2777,9e42937a,263,7,,,,,,,
2778,a207f69e,291,9,,,,,,,
2779,4a2be407,264,10,,,,,,,
2780,4a959193,192,10,,,,,,,
2781,a0092df4,157,15,,,,,,,
2782,a1c57880,225,7,,,,,,,
2783,0f3ff9f7,228,12,,,,,,,
2784,49fa3097,224,13,,,,,,,
2785,c9bcf8a1,142,13,,,,,,,
2786,8a70a495,262,5,,,,,,,
2787,e14f1791,266,6,,,,,,,
2788,dec38664,213,13,,,,,,,
2789,8589122c,109,15,,,,,,,
2790,dd1c832a,255,7,,,,,,,
2791,93e9941b,72,14,,,,,,,
2792,d7605ab8,289,8,,,,,,,
2793,0e736940,25,11,,,,,,,
2794,ca3985ab,104,16,,,,,,,
2795,a7ba8824,65,5,,,,,,,
2796,099d67bf,232,15,,,,,,,
2797,abff8dd4,181,14,,,,,,,
2798,64a088d8,241,11,,,,,,,
2799,f9f2ff3d,186,9,,,,,,,
2800,f2801d33,232,16,,,,,,,
2801,084d8fb6,255,8,,,,,,,
2802,0eccba47,44,8,,,,,,,
2803,3b25d0b2,91,8,,,,,,,
